id,dvids_id,source_url,text
s301,news:422882,https://www.dvidshub.net/news/422882/abraham-lincoln-carrier-strike-group-conducts-helicopter-visit-board-search-and-seizure-exercise-philippine-sea,"Explosive Ordnance Disposal Mobile Unit (EODMU) 3 Sailors, embarked on the Nimitz-class aircraft carrier USS Abraham Lincoln (CVN 72), conducted a helicopter visit, board, search and seizure training aboard the Arleigh Burke-class guided-missile destroyer USS Dewey (DDG 105) in conjunction with Helicopter Sea Combat Squadron (HSC) 14 and Helicopter Maritime Strike Squadron (HSM) 71) to enhance maritime interdiction operations (MIO) skillsets."
s302,news:231548,https://www.dvidshub.net/news/231548/carl-vinson-carrier-strike-group-and-japan-air-self-defense-forces-conduct-bilateral-joint-exercise,"***Correction (April 27, 2017): Flight operations with the Japan Air Self Defense Force and Carrier Air Wing 2 were cancelled yesterday and today due to unfavorable weather. Training events with Carl Vinson Strike Group and Japan Maritime Self Defense Force ships continued in the Philippine Sea in waters south of Japan. The Carl Vinson Strike Group and Japan Air Self Defense Force are looking at rescheduling combined flight operations at a later date.*** Japan Air Self Defense Forces and aircraft from Carrier Air Wing Two assigned to the Carl Vinson Carrier Strike Group are conducting combined aviation exercises in the Philippine Sea. The exercise consists of combined air training and information sharing to increase interoperability and communication among joint services."
s303,news:356888,https://www.dvidshub.net/news/356888/truman-begins-operations-us-5th-fleet,"The Nimitz-class aircraft carrier USS Harry S. Truman (CVN 75), the Carrier Strike Group Eight (CSG-8) flagship, conducted maritime security and flight operations in the U.S. 5th Fleet area of operations (AOO) Dec. 20, continuing carrier presence in the region."
s304,news:571071,https://www.dvidshub.net/news/571071/uss-minnesota-completes-first-deployment-navys-first-forward-deployed-virginia-class-submarine,"Virginia-class fast-attack submarine USS Minnesota (SSN 783) returned to its homeport at Naval Base Guam on July 29, 2026, completing its first deployment since becoming the Navy’s first forward-deployed Virginia-class submarine."
s305,news:570457,https://www.dvidshub.net/news/570457/robotic-servicing-geosynchronous-satellites-launches-into-orbit,"CAPE CANAVERAL SPACE FORCE STATION, Fla. – The Robotic Servicing of Geosynchronous Satellite (RSGS) payload, on board SpaceLogistic’s Mission Robotic Vehicle (MRV) has successfully launched from Space Launch Complex 40 at Cape Canaveral U.S. Space Force Station at about 5:15 pm on July 21, 2026. It is the first privately owned, operational robotic in-space servicing mission that extends the life and resilience of satellites in geosynchronous orbit (GEO) through on-orbit servicing."
s306,news:547385,https://www.dvidshub.net/news/547385/secaf-visits-vsfb-views-sda-tranche-1-satellite-ahead-launch,"Secretary of the Air Force Troy Meink visited Vandenberg Space Force Base Aug. 27-28, 2025, to engage with leadership and gain insight into the base’s strategic role in advancing U.S. space capabilities. Upon his arrival, Meink was greeted by U.S. Space Force Lt. Gen. Douglas Schiess, Commander, U.S. Space Forces - Space; and United States Space Command’s Combined Joint Force Space Component Commander, and Col. James T. Horne III, Space Launch Delta 30 commander. The visit included discussions on Vandenberg SFB’s contributions to national security and space operations."
s307,news:307339,https://www.dvidshub.net/news/307339/fourth-advanced-extremely-high-frequency-satellite,"The U.S. Air Force has successfully launched the fourth Advanced Extremely High Frequency (AEHF-4) communication satellite, Wednesday, Oct.17 at 12:15 a.m. EDT from Space Launch Complex-41 at Cape Canaveral Air Force Station, Florida. The satellite was carried to orbit aboard an United Launch Alliance (ULA) Atlas V 551 launch vehicle."
s308,news:275027,https://www.dvidshub.net/news/275027/space-stem-showcased-jbc-air-and-space-expo,"Since the 1957 launch of Sputnik, a Russian satellite, Americans have been challenged to step up and become leaders in science, technology, engineering and math -- collectively known as STEM. Over the years, there has been a trend in the push for STEM education to younger generations. Recognizing this, Air Mobility Command prioritizes the creation of partnerships with local and public schools to provide insight into the Air Force while enhancing educational experiences."
s309,news:335649,https://www.dvidshub.net/news/335649/evolution-space-2sops-prepares-gps-block-iii,"Lockheed Martin presented the 2nd Space Operations Squadron with a GPS Block III model satellite to celebrate the successful on-orbit testing of the new GPS III satellite at Schriever Air Force Base, Colorado, July 29."
s310,news:356097,https://www.dvidshub.net/news/356097/team-schriever-recognizes-30-years-space-superiority,"On Dec. 21, 1989, Headquarters Air Force Systems Command declared the Consolidated Space Operations Center’s Mission Control Complex-1A operational and transferred custody of its operations to Air Force Space Command. Upon transferring custody of MCC-1A, Air Force Space Command and the 2nd Space Wing (now the 50th SW) became fully capable to operate and maintain satellites charged to AFSPC. This included the early versions of the Global Positioning System satellites. “It is import to remember how Schriever Air Force Base, previously Falcon Air Force Station, went from being the alternate satellite control facility for the Air Force to the primary satellite operations facility for the Air Force,” said James Mesco, 50th SW historian. Upon the transfer of Building 400 operations, the wing controlled nine GPS satellites that only supported military users compared to its current 32 satellites that support four billion users globally. “Within a few years of the turnover of operations to the 2nd Space Wing, Air Force Space Command added more satellites to the wing’s control including the Defense Support Program, the Defense Meteorological Satellite Program and the Defense Satellite Communications System,” Mesco said. “The wing also flew the U.S. Navy’s Fleet Satellites and the NATO communications satellite.” Mesco said the first military satellites and ground stations began operations 60 years ago. This means the 50th has been the “Master of Space” for half of the Air Force’s space operations. “In the early 1980’s when Air Force Space Command first came into existence, the Air Force and Department of Defense needed to expand the military space infrastructure,” he said. “At the time Sunnyvale Air Force Station (later Onizuka AFS) was limited in its ability to grow to handle the new satellite systems such as GPS, DSP, and others on the drawing board for communications and surveillance. Following three years of discussions, Colorado became the choice and the area east of Peterson Air Force Base had the land available to establish a new satellite operations complex called the Consolidate Space Operations Center.” This land east of Peterson AFB would eventually become Schriever AFB, named after Gen. Bernard Schriever, whose grandson currently works at the base. “The transfer of Building 400 operations gave a permanent home to the future ‘Master of Space’ and signified the commitment of the U.S. military to the space mission,” said Lt. Col. Michael Schriever, 2nd Space Operations Squadron director of operations. “I am proud to be a part of the long line of space operators who have been a part of the 50th and continue the traditions of those before like my grandfather.” Schriever said recognizing the wing’s heritage is important as the lessons from the past can apply to tomorrow’s victories. “The title ‘Master of Space’ was not given but earned by the hard work of the wing’s Airmen throughout its history,” he said. “The 50th Space Wing is constantly finding ways to accomplish the mission more efficiently and with fewer resources while becoming more and more effective.” Although the 50th SW has maintained space superiority for 30 years, the wing looks to the future and plans to continue to connect and protect to project space effects. “U.S. military space capabilities have grown and this base along with it,” Mesco said. “As new satellite systems come on line this base will continue to be at the forefront of military space operations for generations to come.”"
s311,news:348655,https://www.dvidshub.net/news/348655/cyber-defense-correlation-cell-space-stands-up,"The Cyber Defense Correlation Cell for Space stood up Oct. 18 at Schriever Air Force Base, Colorado, and will operate at the enterprise level by detecting and responding to cyber threats against Air Force Space Command mission systems."
s312,news:508058,https://www.dvidshub.net/news/508058/nato-defense-ministers-focus-afghanistan-cyber-libya,"NATO defense ministers meeting in Brussels will discuss a new direction for operations in Afghanistan, alliance cyber defenses and a possible Libya training mission, Air Force Gen. Philip M. Breedlove, commander of U.S. European Command and NATO supreme allied commander for Europe, told reporters."
s313,news:507892,https://www.dvidshub.net/news/507892/dod-readies-elements-crucial-cyber-operations,"Hard work by the administration, the services and the leadership at U.S. Cyber Command is putting in place elements crucial to defending U.S. and allied interests in cyberspace, the deputy assistant secretary of defense for cyber policy said."
s314,news:401701,https://www.dvidshub.net/news/401701/ironclad-2021-bolsters-states-cyber-defense-capabilities,"To help address threats against our nation's cybersecurity, the Connecticut National Guard, in a partnership with the University of New Haven’s National Security Agency Center of Academic Excellence in Cyber Operations, participated in Ironclad 2021 June 21-25, a weeklong course designed to provide knowledge and understanding of how to respond to cyberattacks."
s315,news:504417,https://www.dvidshub.net/news/504417/rogers-discusses-cyber-operations-isil-deterrence,"Navy Adm. Michael S. Rogers, commander of U.S. Cyber Command, recently discussed a range of topics from cyber defense and offense to cyber deterrence and finding the Islamic State of Iraq and the Levant on the dark Web."
s316,news:207870,https://www.dvidshub.net/news/207870/marines-with-mef-strengthen-cyber-defensive-capabilities,"The Corps’ ability to win on the battlefield remains strong; however, its post-9/11 enemies in operational environments like in Iraq and Afghanistan have been, by and large, a technologically inferior force. And while the Corps may need to only refine its maneuver warfare skills, there is a new battle space that is sure to dominate the next major armed conflict: cyberspace."
s317,news:236436,https://www.dvidshub.net/news/236436/secretary-air-forces-first-visit-emphasizes-space-cyber,Secretary of the Air Force Heather Wilson’s first official trip included visits to Airmen at Peterson and Schriever Air Force Bases this week. Her trip highlighted the importance of Air Force space and cyberspace missions.
s318,news:274650,https://www.dvidshub.net/news/274650/task-force-echo-ii-army-national-guard-cyber-task-force-completes-transition,"FORT GEORGE G. MEADE, Md – The 780th Military Intelligence (MI) Brigade (Cyber) hosted an unprecedented transition of authority (TOA) ceremony between two Army National Guard (ARNG) formations whereby one cyber battalion transitioned with another to continue the Task Force Echo cyberspace mission, on a field near the brigade headquarters, April 19."
s319,news:520272,https://www.dvidshub.net/news/520272/new-unified-command-plan-spells-out-responsibilities-missions,"President George W. Bush has signed an updated unified command plan that codifies U.S. Africa Command, shifts responsibility for parts of the Caribbean Sea to U.S. Northern Command and assigns cyberspace and pandemic influenza missions to other combatant commanders."
s320,news:65617,https://www.dvidshub.net/news/65617/air-force-network-integration-center-home-plate-tech-expertise,"Gen. William Shelton, commander of Air Force Space Command, and his wife, Linda, visited the Air Force Network Integration Center, Jan. 25, to meet with Airmen and learn more about the center's role in his command's cyberspace mission."
s321,news:547047,https://www.dvidshub.net/news/547047/push-logistics-keeping-air-force-ready-despite-supply-chain-disruptions,"Operational sustainability is key in modern warfare. Adversaries are increasingly targeting the U.S. Air Force’s infrastructure, transportation systems, and cyberspace with the objective of disrupting our missions. Rather than reacting to challenges caused by interruptions after they occur, the U.S. Air Force has been developing proactive strategies to safeguard military operations."
s322,news:363810,https://www.dvidshub.net/news/363810/vngs-124th-cyber-protection-battalion-takes-charge-task-force-echo,"Army National Guard Soldiers assigned to the Virginia National Guard's Fairfax-based 124th Cyber Protection Battalion, 91st Cyber Brigade took charge of the Task Force Echo cyberspace mission during a transition of authority ceremony hosted by the 780th Military Intelligence Brigade (Cyber) Feb. 21, 2020, at Fort Meade, Maryland."
s323,news:422287,https://www.dvidshub.net/news/422287/mission-cyber-shield-develop-train-and-exercise-cyber-forces-areas-computer-network-internal,"The United States and its allies are under attack every day in cyberspace. The National Guard plays an important role in protecting critical networks across the United States and there is no network more important to protect than the DoDIN, the U.S. Department of Defense’s own system. Cyber Shield, the nation’s premiere unclassified cyber training exercise, involves more than 800 National Guard Soldiers and Airmen, civilian experts, and other military services from throughout the nation along with interagency partners from all levels of government and cyber leaders ranging from high-tech corporations to local utilities."
s324,news:210500,https://www.dvidshub.net/news/210500/joint-forces-complete-biennial-valiant-shield-2016,"By Mass Communication Specialist 3rd Class Sara B. Sexton, Commander, Task Force 70 Public Affairs. PHILIPPINE SEA (NNS) – Units from the U.S. Navy, U.S. Marine Corps, and U.S. Air Force completed the biennial exercise Valiant Shield 2016 (VS16), Sept. 23. The twelve-day exercise is a biennial, U.S. only, field training exercise (FTX) with a focus on joint training among U.S. forces to conduct a range of missions in the air, sea, land, and cyberspace."
s325,news:296120,https://www.dvidshub.net/news/296120/air-force-association-recognizes-florida-reserve-wing,"Reserve Citizen Airmen from the 920th Rescue Wing were awarded with the Air Force Association Unit Award Sept. 17, 2018, during the opening and awards ceremony at the annual Air, Space & Cyberspace Conference at the Gaylord National Resort and Convention Center in National Harbour, Maryland."
s326,news:490273,https://www.dvidshub.net/news/490273/securing-air-force-civil-engineer-control-systems,"Control systems are embedded in our everyday lives - from thermostats in our homes to lights illuminating runways. Even though these systems may seem inconspicuous, they can serve as entry points to cyberattacks. As processes and systems advance and become dependent on internet connection, Air Force Civil Engineers will continue leading the way in protecting our nation - even in cyberspace."
s327,news:564128,https://www.dvidshub.net/news/564128/civilian-expertise-military-speed-individual-readiness-fuels-force-headquarters-groups-rapid-cyber-deployments,"When the Marine Corps Cyberspace Operations Group required a rapid surge in capability, reserve Marines from 6th Communication Battalion mobilized within 36 hours, bringing both military readiness and specialized civilian cyber expertise to support a 60-day mission. Their swift response and dual-experience skill set demonstrated the effectiveness of reserve-active component integration and the critical role of preparedness in meeting evolving digital threats."
s328,news:419868,https://www.dvidshub.net/news/419868/two-california-air-national-guard-space-squadrons-support-us-space-force,"“Welcome to Space Country” greets base visitors arriving through Vandenberg’s main gate. Located on the central coast of California, Vandenberg SFB is home to a variety of space operations, both military and civilian, and is known for lighting up the night sky when hosting a launch. Two California Air National Guard units also call Space Country “home” while performing duties that directly support the nation’s space mission and defense. The 148th Space Operations Squadron (SOPS) and the 216th Space Control Squadron (SPCS) are both part of the 195th Wing - an Air Guard wing with a unique blend of missions encompassing space, cyberspace, intelligence and combat communications."
s329,news:186749,https://www.dvidshub.net/news/186749/afspc-picks-50th-scs-pilot-initiative,"Air Force Space Command selected the 50th Space Communications Squadron as the pilot for the Cyber Squadron of the Future initiative, focusing the squadron on defending mission and weapon systems in cyberspace."
s330,news:408374,https://www.dvidshub.net/news/408374/afimsc-centralizes-critical-communication-capability-with-standup-pmo,The Air Force Installation and Mission Support Center’s Cyberspace Systems Support Branch took on a new mission that will make a positive impact on field communications when it became the Department of the Air Force’s Land Mobile Radio Product Management Office on Oct. 18.
s331,news:571051,https://www.dvidshub.net/news/571051/us-army-awards-replacing-1-year-undefinitized-contract-action-with-7-year-undefinitized-contract-action,"The Army has awarded Lockheed Martin Corp. a $53,859,843,289 modification to the PATRIOT Advance Capability-3 Production program contract. The award replaces the FY26 one-year undefinitized contract action with a seven-year UCA in support of the future fiscal year 2026-2032 multi-year procurement contract for PATRIOT Advanced Capability-3 Missile Segment Enhancement interceptors and increases the not-to-exceed ceiling to $58,620,843,289. No funds were obligated at the time of the award."
s332,news:570892,https://www.dvidshub.net/news/570892/pma-209-optimizes-acquisition-pathways-while-achieving-milestone-c-contract-award,"Using the Department of War’s Middle Tier of Acquisition Rapid Prototype (MTA-RP) approach and an Other Transaction Authority (OTA) contract, the Air Combat Electronics Program Office (PMA-209) was able to design and verify a fully integrated system in three years then award the production contract in months versus years. By focusing on warfighters’ needs, PMA-209 continues to deliver cutting-edge capability while embracing creative acquisition and delivery practices."
s333,news:570595,https://www.dvidshub.net/news/570595/us-army-yuma-proving-ground-tests-low-altitude-stalking-and-striking-ordnance,Product Manager Precision Strike & Reconnaissance Systems (PSRS) is conducting risk reduction testing of four vendors at U.S. Army Yuma Proving Ground (YPG) for the Low Altitude Stalking and Striking Ordnance (LASSO) initiative.
s334,news:172098,https://www.dvidshub.net/news/172098/oklahoma-air-national-guard-unit-begins-transition-special-operations-wing-with-arrival-first-mc-12w,"The first of 13 MC-12W aircraft was delivered to the 137th Air Refueling Wing (ARW), Will Rogers Air National Guard Base (WRANGB), Oklahoma City, July 10. The arrival of the MC-12 marks the return of flying operations to WRANGB for the first time since 2007."
s335,news:70538,https://www.dvidshub.net/news/70538/mcconnell-airman-first-class-supports-deployed-air-refueling-ops-kc-135-boom-operator,"Mobility airmen supporting air refueling operations in the U.S. Central Command area of operations have off-loaded more than 357 million pounds of fuel to aircraft through the first four months of 2011. While that number of pounds of fuel delivered involves many airmen, Airman 1st Class Michael Voorhees has contributed directly to that effort as a KC-135 Stratotanker in-flight refueling journeyman."
s336,news:463392,https://www.dvidshub.net/news/463392/anytime-anywhere-exercise-bamboo-eagle-showcases-first-ever-air-mobility-element,"Before fighter jets launch exercise sorties, they need maintainers, security forces, and communications specialists, along with all the equipment required to receive, guard, repair, and launch those aircraft and communicate with their command. In an agile combat employment scenario, mobility air forces are needed to deliver these people and resources into and out of the theater of operations. In the first-ever iteration of Exercise Bamboo Eagle, Air Mobility Command provided, for the first time, a new Global Air Mobility Support System concept to put to the test: an Air Mobility Element directed by the 515th Air Mobility Operations Wing."
s337,news:283812,https://www.dvidshub.net/news/283812/marines-bring-together-us-forces-first-east-coast-mcax,"Joint Base MDL service members kicked off the 2018 Marine Aircraft Group-49 Combined Arms Exercise here, June 12. Fifteen total force units including active duty, guard and reserve members across 14 East Coast states from Massachusetts to Florida will be participating in the annual large-scale exercise utilizing ground forces, aviation assets, indirect fires and other enablers in an effort to train air and ground forces together. “The exercise is focused on training all sister services together,” said U.S. Marine Corps Maj. Randall White, MAG-49 MCAX coordinator. “We are maintaining and increasing readiness to become prepared to go where the military is needed and answer this nation’s call.” Joint Base MDL is the nation’s only tri-service installation and home to all five branches, making it an ideal location for the MCAX. Day one included loading U.S. Marine Corps aircraft AH-1 SuperCobra and CH-53 Sea Stallion into a U.S. Air Force C-17 Globemaster III to deliver the Marine aircraft to the 4th Marine Aircraft Wing in New Orleans. The operation required U.S. Airmen and Marines to work together as a team in order to load the two Marine aircraft onto the Air Force jet. “This is what is going to set us apart from other military organizations,” said U.S. Air Force Capt. Larissa Dorans, 6th Airlift Squadron executive officer and aircraft commander for the C-17. “Training with our sister services in joint operations allows us to become more proficient and capable so that when or if a conflict occurs, we are already prepared for any scenario.” It is the hope of Joint Base MDL leaders that the MCAX will give all five U.S. military services on base a better understanding of how each branch plans, prepares and fights so that joint operations and overseas battles become more combat efficient. “[The MCAX] is also increasing the comfort level of working in a joint environment which is how we are currently fighting overseas and how we will be training in the future,” said White. Throughout the two week exercise, training will spread beyond the flightline with troops utilizing the massive Joint Base MDL range complex. “Being able to work in the joint world and knowing who the players across the runway are is important to understanding what we are doing in order to do this large-scale exercise in conjunction with all the other exercises going on,” said White. “I think this will bear a lot of fruit in the future for us, all of the sister services working together here on [Joint Base McGuire-Dix-Lakehurst].”"
s338,news:2844,https://www.dvidshub.net/news/2844/10-thunderbolt-cas-asset-put-bombs-target-protect-troops-ground,"As the first aircraft specially designed for close air support of ground forces, the A-10 Thunderbolt continues to be a symbol of hope in the field. It's reputation -- deliver bombs on target with fast, furious, accurate precision."
s339,news:98821,https://www.dvidshub.net/news/98821/forager-fury-begins-with-historic-landing,"Exercise Forager Fury 2012 officially began Nov. 28 as a Boeing 747-400 aircraft made history by being the first 747 to land at West Field here, delivering 160,000 pounds of equipment vital for execution of the exercise."
s340,news:249531,https://www.dvidshub.net/news/249531/army-divested-black-hawks-reach-afghanistan,"HUNTSVILLE, Alabama - U.S. civilian and military personnel gathered in Huntsville Sept. 15 to load the first two UH-60A Black Hawks onto a C-17 en route for Afghanistan. The aircraft were delivered to Kandahar Airfield Sept 18."
s341,news:563950,https://www.dvidshub.net/news/563950/51st-fighter-wing-modernizes-refueling-operations-with-new-korean-refueler-vehicles,"The 51st Fighter Wing is renewing its refueler fleet with the arrival of new Korean refueler vehicles, with the first trucks delivered to Osan Air Base over the past two months, marking the beginning of a peninsula-wide modernization effort to enhance aircraft refueling capability and flight line efficiency."
s342,news:559134,https://www.dvidshub.net/news/559134/maneuver-win-maj-gen-darren-r-cole-leads-21st-air-force-into-new-era-global-mobility,"JOINT BASE MCGUIRE-DIX-LAKEHURST, N.J. — The U.S. Air Force’s 21st Air Force has carried many names and missions since it was first activated on June 12, 1942. The organization began as a World War II ferrying wing responsible for delivering aircraft to support wartime operations. It soon transitioned into an airlift headquarters that moved personnel and cargo across the European theater. Over the decades, the unit evolved into a global mobility command that delivered combat capability, humanitarian relief and operational support to warfighters around the world."
s343,news:36275,https://www.dvidshub.net/news/36275/hmm-265-celebrates-45-years-with-phrogs,"Marine Medium Helicopter Squadron 265, Marine Aircraft Group 36, 1st Marine Aircraft Wing, celebrated 45 years of service with the CH-46, nicknamed 'Phrog,' June 26, with a large ""fly the barn"" formation flight and subsequent family cookout in the hangar. HMM-265 was the first Marine Corps operational helicopter squadron to accept and employ the 'Phrog,' whose primary use is transporting troops into combat; seconded by delivering supplies."
s344,news:364510,https://www.dvidshub.net/news/364510/legendary-sr-71-blackbird,"Beale was the home to the fastest and highest flying air-breathing manned aircraft in history, the SR-71 Blackbird. The first SR-71 to enter service was delivered to Beale Air Force Base on Jan. 7, 1966. During it’s time in service it provided reconnaissance for the U.S. Air Force and played a key role in gathering intelligence during the Cold War."
s345,news:469920,https://www.dvidshub.net/news/469920/navy-expeditionary-medical-unit-completes-seven-month-deployment-supporting-middle-east-operations,"Expeditionary Medical Unit 10 Gulf (EMU 10G) recently concluded a vital seven-month deployment in support of Operation Inherent Resolve (OIR) in the Middle East. The 31 personnel from EMU 10G returned from their deployment in Iraq April 26, 2024. This deployment marked the first time in nearly a decade Naval Medical Forces Pacific (formerly known as Navy Medicine West) sent a team to support OIR, underscoring the importance of Navy medical forces in present-day military operations."
s346,news:550909,https://www.dvidshub.net/news/550909/uss-st-louis-lcs-19-returns-deployment-support-southern-border-operations,"NAVAL STATION MAYPORT, Florida – The Freedom-variant littoral combat ship USS St. Louis (LCS 19), operating under U.S. Northern Command (USNORTHCOM) in the Gulf of America, returned to Naval Station Mayport after completing a surge deployment on November 10, 2025. The Freedom-variant littoral combat ship USS St. Louis (LCS 19), along with the “Valkyries” of Helicopter Maritime Strike Squadron (HSM) 50 Detachment 5 and embarked U.S. Coast Guard Law Enforcement Detachment (LEDET) 408."
s347,news:34174,https://www.dvidshub.net/news/34174/louisiana-guardsmen-deploy-support-operation-iraqi-freedom,"Soldiers of the Louisiana National Guard's 1083rd Transportation Company, 165th Combat Sustainment Support Battalion said farewell to family and friends at a deployment ceremony held at the Minden Civic Center May 27."
s348,news:456946,https://www.dvidshub.net/news/456946/vital-support-2abct-conducts-supply-support-activity-operations-across-european-theater,"In the heart of the 2nd Armored Brigade Combat Team, 1st Armored Division deployment to Europe, the Supply Support Activity (SSA) at Drawsko Combat Training Center, Poland stands as a logistical linchpin, enabling the brigade to fulfill its mission across the European theater."
s349,news:563798,https://www.dvidshub.net/news/563798/192nd-mps-deploy-support-operation-epic-fury,"Approximately 150 Soldiers from Headquarters and Headquarters Company, 192nd Military Police Battalion, Connecticut Army National Guard, participated in a deployement ceremony at Bradley Air National Guard Base today, April 28, 2026."
s350,news:543940,https://www.dvidshub.net/news/543940/deployment-employment-2025-dle-showcases-operational-capabilities,"Air Mobility Command is executing operations as part of the U.S. Air Force’s 2025 Department-Level Exercise (DLE) series across the Indo-Pacific region to validate its ability to project and sustain combat power, alongside Allies and partners, in support of a free and open Indo-Pacific region."
s351,news:474134,https://www.dvidshub.net/news/474134/navy-medicine-shifts-emphasized-operational-deployment-panel,"By Douglas H Stutz, NHB/NMRTC Bremerton public affairs officer -- A notable distinction between Navy Nurse Corps officers and their civilian counterparts is that military personnel can get called upon – sometimes at a moment’s notice – as a ready medical force to pack up and support a medically ready force."
s352,news:478330,https://www.dvidshub.net/news/478330/374-mdg-launches-operational-support-team,"YOKOTA AIR BASE, Japan – The health and well-being of the Airmen who enable the 374th Airlift Wing’s mission is integral. To assist units with rigid mission requirements, a psychologist and a physical therapist from the 374th Medical Group formed the Operational Support Team, July 29, to provide curated support to units across Yokota. The OST was made to anchor high-risk units who are exposed to frequent mental pressure, deployments, and high-levels of physical activity. The team of two provides focused care in preventing injuries and cognitive health issues."
s353,news:483317,https://www.dvidshub.net/news/483317/rapid-deployment-army-civilians-boost-railhead-operations,"The railhead at Fort Cavazos is vital for the Army’s strategic power projection, supported by a dedicated civilian workforce that ensures efficient mobilization of units. With a team of 17 personnel handling logistical operations, they streamline the transport of military equipment and provide essential training for Soldiers. Their expertise and commitment play a crucial role in maintaining the installation's readiness to meet global mission demands."
s354,news:202294,https://www.dvidshub.net/news/202294/6th-military-information-support-battalion-validates-deployers,"CAMP DAWSON, W.Va. – In the green hills of West Virginia, at the bottom of an hour’s worth of winding roads and switchbacks, along the banks of the Cheat River is a postage stamp of a National Guard training facility that offers units facilities and time to create a truly customized training experience."
s355,news:60015,https://www.dvidshub.net/news/60015/airstrike-helmand-kills-7-insurgents,"An International Security Assistance Force airstrike targeting a district-level Taliban command and control center in the Now Zad District of Afghanistan's Helmand province today left seven insurgents dead, military officials reported."
s356,news:512286,https://www.dvidshub.net/news/512286/airstrike-kills-haqqani-leader-associates,A combined Afghan and coalition security force killed a senior Haqqani terrorist network leader and two of his associates with a precision airstrike in the Musa Khel district of Afghanistan’s Khost province.
s357,news:570771,https://www.dvidshub.net/news/570771/risk-inaction-pae-fires-took-calculated-risks-rapidly-field-mid-range-capability-system,"For years, Army acquisition has operated using antiquated processes that resulted in new technologies stuck in multi-year planning and slow fielding. In an era when the U.S. Army is undergoing rapid reform and modernization, speed and flexibility are at the forefront. This reform encourages acquisition professionals to take measured and calculated risks to develop and deliver warfighting capabilities faster. The Portfolio Acquisition Executive (PAE) Fires has embraced this shift to rapidly develop, test and field some of the Army’s most vital capabilities such as hypersonic weapons and integrated air and missile defense. Read how PAE Fires managed and accepted risks to develop and field the Mid-Range Capability (MRC) system at record speed."
s358,news:375373,https://www.dvidshub.net/news/375373/smdc-tech-center-leader-discusses-armys-future,"Thomas E. Webber, Technical Center director, participated with other leaders on an acquisition panel witnessed by a virtual audience during the 23rd annual Space and Missile Defense Symposium, Aug. 4."
s359,news:535852,https://www.dvidshub.net/news/535852/rumsfeld-praises-powell-expects-no-major-policy-shifts,"Defense Secretary Donald H. Rumsfeld said today he has ""thoroughly enjoyed"" working with Secretary of State Colin Powell and ""will miss not working closely with him"" after Powell steps down from his post."
s360,news:530973,https://www.dvidshub.net/news/530973/change-deployment-policy-aims-provide-predictability,"The policy change extending Army deployments is an attempt to provide some long-term predictability for soldiers and their families on the length of deployments and how long the soldiers will be home, Defense Secretary Robert M. Gates said during a briefing today."
s361,news:530965,https://www.dvidshub.net/news/530965/deputy-defense-secretary-calls-immediate-fix-disability-process,Deputy Defense Secretary Gordon England today called for a new policy that moves wounded troops from Iraq and Afghanistan to the front of the line in the disability rating process while system-wide fixes to the disability and health care systems are put in place.
s362,news:503689,https://www.dvidshub.net/news/503689/secretary-simmons-visits-fort-belvoir-probing-family-policy-and-quality-life,"Mr. Stephen B. Simmons, Deputy Assistant Secretary of Defense for Military Community and Family Policy (DASD(MC&FP)) made his first installation visit on July 9, just south of the Pentagon to Fort Belvoir, to learn about Family life, and explore ways to improve the Quality of Life for service members and Families worldwide."
s363,news:541968,https://www.dvidshub.net/news/541968/england-memo-underscores-policy-humane-treatment-detainees,A memo from Deputy Defense Secretary Gordon England underscores the department's standing policy of treating detainees humanely and orders commanders responsible for detainee affairs to review their practices to ensure they are in compliance.
s364,news:511759,https://www.dvidshub.net/news/511759/pentagon-official-underscores-zero-tolerance-policy-bullying,"Navy Capt. John Kirby, deputy assistant secretary of defense for media operations, underscored the military’s “zero tolerance” policy against bullying and hazing in light of charges brought against eight soldiers."
s365,news:538888,https://www.dvidshub.net/news/538888/rumsfeld-bush-support-diplomatic-policy-toward-iran,"The United States and its allies are pursing a diplomatic course with Iran, and news reports suggesting that a U.S. attack on Iran is in the works ""get into fantasy land,"" Defense Secretary Donald H. Rumsfeld told Pentagon reporters today."
s366,news:101510,https://www.dvidshub.net/news/101510/spartan-women-combat-reflections-change-dod-policy,"The U.S. Secretary of Defense, Leon E. Panetta, in collaboration with the Joint Chiefs of Staff, rescinded the 1994 Direct Ground Combat Definition and Assignment Rule, which precluded females from holding direct combat positions within the U.S. military."
s367,news:540758,https://www.dvidshub.net/news/540758/gates-discusses-effect-iraq-failure-calls-bipartisan-policy,"If the situation in Iraq is mishandled, regional powers may be tempted to become involved in the country -- causing greater problems for the future, defense secretary nominee Robert M. Gates said today."
s368,news:69649,https://www.dvidshub.net/news/69649/concussion-care-gets-defense-visit,"The assistant secretary of defense for health affairs, the deputy assistant secretary of defense for Wounded Warrior care and transition policy, and other medical advisers visited the Concussion Restoration Care Center aboard Camp Leatherneck, Afghanistan, April 29, 2011."
s369,news:17892,https://www.dvidshub.net/news/17892/policy-dialogue-allows-us-african-officials-address-security-issues,"The U.S.-Africa Defense Policy Dialogue that ended March 28, was a chance for officials on both continents to speak, to listen and to move forward, said Theresa Whelan, deputy assistant secretary of defense for African affairs."
s370,news:519298,https://www.dvidshub.net/news/519298/gates-signs-policy-change-dignified-transfer-operations-dover,"Defense Secretary Robert M. Gates has approved a policy change that, under strictly delineated conditions, allows media filming of dignified transfer operations of fallen servicemembers’ remains at Dover Air Force Base, Del."
s371,news:31882,https://www.dvidshub.net/news/31882/gates-signs-policy-change-dignified-transfer-operations-dover,"Defense Secretary Robert M. Gates has approved a policy change that, under strictly delineated conditions, allows media filming of dignified transfer operations of fallen service members' remains at Dover Air Force Base, Del."
s372,news:509012,https://www.dvidshub.net/news/509012/hagel-vows-policies-worthy-us-service-members-families,"Former U.S. Sen. Chuck Hagel, the president’s nominee to succeed retiring Defense Secretary Leon E. Panetta, told the Senate Armed Services Committee that his guiding principle is to make U.S. policy “worthy of our troops and their families.”"
s373,news:101046,https://www.dvidshub.net/news/101046/corps-top-leaders-address-combat-exclusion-policy-termination,"Defense Secretary Leon E. Panetta officially announced the end of the 1994 Direct Ground Combat Definition and Assignment Rule excluding women from assignment to units and positions whose primary mission is to engage in direct ground combat, Jan. 24."
s374,news:525706,https://www.dvidshub.net/news/525706/rumsfeld-speaks-missile-defense-cooperation,"The United States has allies, and allies consult with each other. That was the bottom line of Defense Secretary Donald H. Rumsfeld's Feb. 3 speech to the Munich (Germany) Conference on Security Policy."
s375,news:381622,https://www.dvidshub.net/news/381622/defense-under-secretaries-visit-naval-submarine-base-kings-bay,"United States Under Secretary of Defense for Acquisition and Sustainment, Ellen. M. Lord and Acting Under Secretary of Defense for Policy Dr. James H. Anderson, visited Naval Submarine Base Kings Bay, Georgia, Oct. 22. Kings Bay was the fourth stop on the undersecretaries’ tour of strategic-deterrent installations, including Minot Air Force Base, Whiteman Air Force Base, and the Pantex Ordnance Plant."
s376,news:527504,https://www.dvidshub.net/news/527504/success-philippine-policy-stems-us-military-men-and-women,"The success of U.S. policy in the Philippines rests squarely on the shoulders of the ""extraordinary capabilities of our young men and women"" serving there, Deputy Defense Secretary Paul Wolfowitz said today at the Hoover Institute Symposium here."
s377,news:268581,https://www.dvidshub.net/news/268581/marine-generals-testify-before-house-committee,"WASHINGTON—Marine Corps Lieutenant General Brian Beaudreault, Deputy Commandant Plans, Policies, and Operations, Headquarters U.S. Marine Corps; Lt. Gen. Michael Dana, Deputy Commandant Installations and Logistics, Headquarters U.S. Marine Corps; and Lt. Gen. Rex C. McMillian, Commander, Marine Forces Reserve, Commander, Marine Forces North, testified before the House Armed Services Subcommittee on Marine Corps Readiness during a hearing at the Capitol, March 6."
s378,news:440538,https://www.dvidshub.net/news/440538/policy-strategy-partners-sfa-implications-2022-national-security-strategy-national-defense-strategy-and-2023-national-defense-authorization,The White House and Department of Defense (DoD) released the updated National Security Strategy (NSS) and the National Defense Strategy (NDS) in October 2022. These documents serve as the “Ends” and “Ways” of the overall U.S. strategy by identifying vital national interests (ends) and describing how the instruments of national power will be employed to address challenges and achieve objectives (ways).
s379,news:361664,https://www.dvidshub.net/news/361664/guam-national-guard-supports-americas-national-defense-strategy,"YIGO, Guam – Guam National Guard members make vital contributions to the Joint Force team executing the nation’s National Defense Strategy, the National Guard’s most senior general told Soldiers and Airmen during a recent visit."
s380,news:452838,https://www.dvidshub.net/news/452838/kessel-run-priorities-aligned-with-national-defense-strategy,"Boston, (September 7, 2023) – Kessel Run’s Operational Command and Control product line chief spoke with the organization here, Aug. 2, 2023, about her goals for delivering capabilities to warfighting Airmen, and ensuring alignment with the National Defense Strategy. During her talk, Kelly Palaia discussed how she stepped into her current role and how her focus for OpsC2 has changed in the past year, to include Kessel Run’s pivot to the U.S. Pacific Command’s area of responsibility. “One of the things I want to prioritize is solidifying a more thorough and in-depth vision and strategy to provide OpsC2 with a jumping off point for 2024 as we track towards our National Defense Strategy goals,” Palaia said."
s381,news:24313,https://www.dvidshub.net/news/24313/balance-heart-national-defense-strategy-gates-says,"Noting that balance is at the center of the national defense strategy, Defense Secretary Robert M. Gates said today he wants department personnel to look to the future, but not lose sight of what needs to be done now to win today's wars."
s382,news:521091,https://www.dvidshub.net/news/521091/balance-heart-national-defense-strategy-gates-says,"Noting that balance is at the center of the national defense strategy, Defense Secretary Robert M. Gates said he wants department personnel to look to the future, but not lose sight of what needs to be done now to win today’s wars."
s383,news:510130,https://www.dvidshub.net/news/510130/panetta-national-guard-reserve-key-defense-strategy,"The spirit of public service exemplified by the Reserve and National Guard is essential to democracy and plays a critical role in the nation's defense strategy, Defense Secretary Leon E. Panetta told the airmen and soldiers based at Niagara Falls Air Reserve Station."
s384,news:509687,https://www.dvidshub.net/news/509687/dempsey-partnerships-essential-defense-strategy,"The Defense Department depends on its relationships with partner nations, Army Gen. Martin E. Dempsey, chairman of the Joint Chiefs of Staff, said while delivering remarks at a National Press Club luncheon."
s385,news:357782,https://www.dvidshub.net/news/357782/governor-assess-ohios-importance-nations-military-defense-strategy,The Defense Logistics Agency Land and Maritime Commander Navy Rear Adm. John Palmer hosted Joseph Zeis during an installation orientation visit April 1 at the Defense Supply Center Columbus. Zeis was recently appointed to Governor Mike DeWine’s staff as the aerospace and defense advisor.
s386,news:510891,https://www.dvidshub.net/news/510891/dempsey-explains-defense-strategy-nations-oldest-think-tank,"Army Gen. Martin E. Dempsey, chairman of the Joint Chiefs of Staff, discussed the new national defense strategy and its core pillars while delivering remarks at the Carnegie Endowment for International Peace."
s387,news:562845,https://www.dvidshub.net/news/562845/central-modern-defense-planning-strategy-and-defense-industrial-capacity,"As part of Week 1 of European-Led Defense, which focuses on national strategy and strategy development, participants heard from Pete Coughlan, Ph.D., professor of national security and industrial base at National Defense University, on how the Defense Industrial Base (DIB) functions and the capabilities and limitations inherent in the system."
s388,news:50801,https://www.dvidshub.net/news/50801/collaboration-key-creation-national-security-strategy,"The 2010 National Security Strategy was presented to Congress last week, touted as a wide-spanning ""whole-of-government"" plan built on lessons learned in Iraq and Afghanistan as well as the Quadrennial Defense Review."
s389,news:513244,https://www.dvidshub.net/news/513244/lynn-cyberspace-strategy-build-coalition-nations,"White House officials released an international cyberstrategy that will help to build a “coalition of nations [with a] mutual interest in securing cyberspace,” Deputy Defense Secretary William J. Lynn III said at the launch event."
s390,news:504557,https://www.dvidshub.net/news/504557/leaders-resources-key-national-security-strategy,"Praising President Barack Obama’s 2015 National Security Strategy for recognizing the challenges the nation faces, the Defense Department’s top civilian and military leaders stressed the need for an end to scheduled sequestration spending cuts to allow the military to do its part in implementing the strategy."
s391,news:65286,https://www.dvidshub.net/news/65286/national-space-security-strategy-outlines-rules-road,Department of Defense's strategic approach to space must change. This is the message of the National Security Space Strategy recently approved by Secretary of Defense Robert Gates and Director of National Intelligence James Clapper.
s392,news:565836,https://www.dvidshub.net/news/565836/european-led-defense-explores-strategy-and-security-institutions,"European-Led Defense continued April 16, 2026, with a full day of discussions focused on how nations build and apply strategy in a complex security environment — a core course theme aimed at delivering measurable security outcomes."
s393,news:463391,https://www.dvidshub.net/news/463391/amcom-commander-discusses-national-defense-industrial-strategy-with-industry-academia-partners,"Aviation and Missile Commander Maj. Gen. Tom O’Connor visited an industry partner in Decatur, Alabama Jan. 29 to meet with the leadership and discuss the importance of a strong defense industrial base."
s394,news:64813,https://www.dvidshub.net/news/64813/national-security-space-strategy-targets-safety-stability,"The National Security Space Strategy released today responds to the realities of a space environment that is increasingly crowded, challenging and competitive, said senior Defense Department officials."
s395,news:503677,https://www.dvidshub.net/news/503677/dempsey-releases-national-military-strategy,The National Military Strategy released by the chairman of the Joint Chiefs of Staff provides the blueprint for how the military will use its forces to protect and advance U.S. national and security interests.
s396,news:508258,https://www.dvidshub.net/news/508258/official-explains-dods-role-national-arctic-strategy,"The Defense Department worked closely with other federal agencies in support of the National Security Staff effort that generated the National Strategy for the Arctic Region, a senior Pentagon official said."
s397,news:513945,https://www.dvidshub.net/news/513945/national-space-security-strategy-outlines-rules-road,"In an article first published in ""Foreign Policy"" magazine, Deputy Assistant Defense Secretary for Space Policy Gregory L. Schulte outlines the ""rules of the road"" needed for this new security frontier."
s398,news:57681,https://www.dvidshub.net/news/57681/employees-learn-about-leadership-national-security-strategies,"Two Defense Logistics Agency employees feel they are better equipped to lead after their experience in a program of intensive classroom instruction, real-world problem resolution and guidance from industry executives."
s399,news:460933,https://www.dvidshub.net/news/460933/guard-caps-2023-supporting-defense-strategy-domestic-missions,"As December draws to a close, the National Guard wraps up a dynamic year, leaving an indelible mark supporting the warfighter and protecting communities. From fortifying a world-leading state partnership program to pioneering advancements in cyber and space operations, the nation’s oldest military organization shined as a trailblazer in 2023."
s400,news:201135,https://www.dvidshub.net/news/201135/fao-program-guest-speaker-national-security-strategy,"Dr. Craig Whiteside, a professor at the Naval War College Monterey located on the campus of the Naval Postgraduate School in Monterey, spoke about the most recent National Security Strategy with Foreign Area Officers in language training at the Defense Language Institute Foreign Language Center April 21."
s401,news:511708,https://www.dvidshub.net/news/511708/obama-defense-strategy-will-maintain-us-military-pre-eminence,"President Barack Obama announced a defense strategy he said will allow the military to defend the United States and its national interests while cutting military spending in a responsible, balanced manner."
s402,news:424420,https://www.dvidshub.net/news/424420/aerospace-vehicle-survivability-facility-set-meet-anticipated-national-defense-strategy-demands,"The new National Defense Strategy set to be released later this year will focus on the building of a more lethal military force, the strengthening of U.S. alliances while establishing new partnerships, and reforming the way the Department of Defense does business to accomplish its objectives. The mission and capabilities of the Aerospace Vehicle Survivability Facility, or AVSF, align with these priorities. The facility is the U.S. Air Force organization responsible for developing and executing aircraft Title 10 Live Fire Test and Evaluation programs, or LFT&E. The AVSF capabilities include research, development, test and evaluation, or RDT&E, in addition to high-fidelity modeling and simulation of aerospace vehicle combat survivability to evaluate and enhance system performance to current and future weapon systems under operationally-realistic conditions."
s403,news:439279,https://www.dvidshub.net/news/439279/florida-guard-activates-125th-regional-support-group-support-national-defense-strategy,"JACKSONVILLE AIR NATIONAL GUARD, Fla. – Florida Air National Guard officials formally recognized the formation of the 125th Regional Support Group during an activation ceremony held at Camp Blanding Joint Training Center, Florida, Feb. 24, 2023."
s404,news:568162,https://www.dvidshub.net/news/568162/defense-health-agency-outlines-joint-force-blood-therapy-strategy-national-forum,"Medical logistics and prolonged field care in austere environments present significant challenges for the military health system. To address potential Large-Scale Combat Operations in remote locations across the globe, Defense Health Agency experts presented a strategy update for novel blood replacement therapies during the Strategic National Forum on Blood and Biotherapies, June 12, 2026, in Bethesda, Maryland."
s405,news:111155,https://www.dvidshub.net/news/111155/drmi-course-empowers-international-leaders-with-defense-management-strategies,"The Naval Postgraduate School’s Defense Resources Management Institute (DRMI) wrapped up its latest Senior International Defense Management Course (SIDMC) July 19, providing 35 high-ranking military and civilian leaders from 24 nations with an extensive educational experience in managing a department of defense."
s406,news:93644,https://www.dvidshub.net/news/93644/usace-supports-defense-departments-counternarcotics-strategy-central-asia,"Consider that proceeds from illicit drug trafficking can help finance insurgent attacks against U.S. Soldiers, help an ill-intentioned group destabilize a friendly nation, or arm pirates with high-powered weapons, and it is clear why the Department of Defense is investing in a strong, sustained counternarcotics program. The Middle East District’s counternarcotics program in Central Asia is accomplished at the behest of U.S. Central Command, with active projects at multiple locations in Tajikistan, Kazakhstan and Kyrgyzstan."
s407,news:533054,https://www.dvidshub.net/news/533054/national-defense-university-publications-share-knowledge,It's no secret that a successful military strategy requires information from the field and powerful thinking in the board room. It may not be well known that some of the brightest minds in America's defense share their knowledge with the public.
s408,news:512824,https://www.dvidshub.net/news/512824/pentagon-strategy-addresses-energy-challenges,"Sharon E. Burke, the assistant secretary of defense for operational energy plans and programs, hopes the changes brought forth by the Defense Department's new operational energy strategy will improve the nation’s overall energy readiness."
s409,news:462986,https://www.dvidshub.net/news/462986/us-european-leaders-endorse-collective-defense-tactics-strategy-symposium,"Nearly 750 military and civilian leaders from more than 30 Allied and partner nations took part in the U.S. European Command Strategy Conference and Workshop to discuss security in Ramstein, Germany, from Jan. 29 to Feb. 2, 2024."
s410,news:472007,https://www.dvidshub.net/news/472007/defense-supply-chain-conference-fosters-partnerships-integrated-deterrence-strategy,"Defense Logistics Agency Land and Maritime, in collaboration with DLA Aviation and the National Defense Industrial Association, wrapped up day one of the DLA Supply Chain Alliance Conference and Exhibition today at the Greater Columbus Convention Center in downtown Columbus, Ohio."
s411,news:469301,https://www.dvidshub.net/news/469301/defense-supply-chain-conference-fosters-partnerships-integrated-deterrence-strategy,"Defense Logistics Agency Land and Maritime, in collaboration with DLA Aviation and the National Defense Industrial Association, wrapped up day one of the DLA Supply Chain Alliance Conference and Exhibition at the Greater Columbus Convention Center in downtown Columbus, Ohio, on April 23."
s412,news:63236,https://www.dvidshub.net/news/63236/africa-strategy-encourages-democracy-development,"The United States is pursuing a strategy that aims to foster stability and good, cooperative relationships with nations on the African continent, said Michele Flournoy, undersecretary of defense for policy."
s413,news:152024,https://www.dvidshub.net/news/152024/combined-joint-task-force-continues-operations,"On Jan. 14, U.S. and Coalition military forces continued to attack ISIL terrorists in Syria, using attack, bomber, fighter, and remotely piloted aircraft to conduct 11 airstrikes. Separately, U.S. and Coalition military forces conducted 11 airstrikes in Iraq, using attack, fighter, and remotely piloted aircraft against ISIL terrorists. All strikes took place between 8 a.m., Jan. 14, and 8 a.m., Jan. 15, local time."
s414,news:113873,https://www.dvidshub.net/news/113873/joint-task-force-bravo-transports-operating-room,"After months of training, members of Joint Task Force-Bravo sling-loaded a 4,823 pound self containment system to one of 1-228 Aviation Battalion's Chinook-47s, which will be used by JTF-Bravo's Medical Element's mobile surgical team Sept. 16-21 in the northern region of Honduras."
s415,news:67768,https://www.dvidshub.net/news/67768/joint-task-force-505-operates-okinawa-yokota,"The U.S. military continues to assist the voluntary departure from Japan of eligible Defense Deparment family members. To date, a total of 7,001 eligible family members, including 394 pets, have been transported in the voluntary authorized departure, known as Operation Pacific Passage. Most families choosing to temporarily relocate were transported by military contract aircraft. The few remaining family members will be transported over the next few days."
s416,news:32110,https://www.dvidshub.net/news/32110/explaining-joint-task-force-mission,"At first glance, U.S. Naval Station Guantanamo Bay seems like any other U.S. naval base, and in many ways it is. With its long history, the base has supported naval operations in the Caribbean for close to 100 years. For the last seven of those years, however, the island has absorbed a separate mission, which, because of its nature, residents don't always fully understand."
s417,news:249424,https://www.dvidshub.net/news/249424/joint-task-force-leeward-islands-relocates-base-operations,The U.S. military task force supporting U.S. foreign disaster relief to St. Martin and Dominica is relocating its base of operations from Puerto Rico to three Caribbean locations in the wake of Hurricane Maria.
s418,news:38282,https://www.dvidshub.net/news/38282/prt-french-task-force-conduct-joint-medical-operation,"The Kapisa and Parwan Provincial Reconstruction Team members joined with French service members from Task Force Korrigan to conduct a joint medical operation supporting local children, Aug. 29, in the Afghania valley of Kapisa province, Afghanistan."
s419,news:223061,https://www.dvidshub.net/news/223061/proving-themselves-with-joint-task-force-proven-force,"On Jan. 17, 1991, 20th Fighter Wing forces participated in Joint Task Force Proven Force, flying sorties out of Incirlik Air Base, Turkey, during the Persian Gulf War. The forces targeted strategic areas in northern Iraq in order to cripple Iraqi forces and draw them away from the main theater in Kuwait, where Operation Desert Storm was taking place."
s420,news:53961,https://www.dvidshub.net/news/53961/joint-task-force-guantanamos-librarians,"Joint Task Force Guantanamo is made up of service members from every military branch and a great many professions. Some of the service members stay within their career fields, such as public affairs, supply and intelligence specialists, but many find themselves doing things outside their job field. A good example is the guards who work inside the facilities that house JTF Guantanamo detainees."
s421,news:516626,https://www.dvidshub.net/news/516626/joint-task-force-organizes-haitian-airport,U.S. servicemembers assigned to Joint Task Force Port Opening have been responsible for ramp operations at Toussaint L’Overture International Airport at Port-au-Prince since an earthquake hit Haiti Jan. 12.
s422,news:181790,https://www.dvidshub.net/news/181790/joint-task-force-archangel-departs-ncr,"Distinguished guests, military leaders and family members gathered together, Saturday, Nov. 7, 2015 at the 164th Air Defense Artillery (ADA) Brigade Headquarters in Orlando, Fla. to honor Joint Task Force Archangel as they prepared to depart for an estimated year-long mission to the National Capital Region (NCR) in support of Operation Noble Eagle (ONE)."
s423,news:432858,https://www.dvidshub.net/news/432858/joint-task-force-red-hill-officially-stands-up-operations,"HONOLULU – Rear Adm. John F. G. Wade assumed command of Joint Task Force Red Hill on Sept. 30, the new Department of Defense organization responsible for the safe and expeditious defueling of the Red Hill Bulk Fuel Storage Facility."
s424,news:144804,https://www.dvidshub.net/news/144804/joint-task-force-bravo-commences-operation-caravana-with-honduran-military,Over 300 4th Battalion Honduran military members loaded their gear and supplies onto CH-47F Chinooks and UH-60 Black Hawks from the 1-228th Aviation Regiment during a four-day period to be transported to forward operating posts in the remote regions of Honduras Oct. 6-9.
s425,news:114719,https://www.dvidshub.net/news/114719/joint-task-force-bravo-supports-marijuana-eradication-operation-belize,"The U.S. Embassy Military Liaison Office in Belmopan and Joint Task Force-Bravo partnered with Belizean military forces in a successful marijuana eradication operation in Belize from Sept. 25-28, 2013."
s426,news:490338,https://www.dvidshub.net/news/490338/navy-leaders-observe-joint-task-force-southern-guard-operations,"NAVAL STATION GUANTANAMO BAY, Cuba – (Feb 6, 2025) – Rear Adm. Carlos Sardiello, Commander U.S. Naval Forces Southern Command/U.S. 4th Fleet, and Rear Adm. John Hewitt, Commander, Navy Region Southeast, visited Joint Task Force Southern Guard onboard Naval Station Guantanamo Bay (NSGB) February 5 and 6, as the Joint Task Force prepares to receive illegal aliens from the United States. Sardiello and Hewitt accompanied Adm. Alvin Holsey, Commander, U.S. Southern Command, during the visit."
s427,news:567341,https://www.dvidshub.net/news/567341/joint-task-force-bravo-supports-jungle-operations-training-course,"Two HH-60 and one UH-60 Black Hawk helicopters from Joint Task Force Bravo’s 1st Battalion, 228 Aviation Regiment, will arrive this week to provide dedicated medical evacuation coverage throughout the Jungle Operations Training Course-Panama, which will take place from June 12-July 3, 2026."
s428,news:571113,https://www.dvidshub.net/news/571113/joint-task-force-bravo-completes-panamax-alpha,"Joint Task Force-Bravo concludes operations for their annual, bilateral exercise PANAMAX-Alpha in Panama on July 27, 2026. PANAMAX-Alpha, sponsored by U.S. Southern Command, serves as a critical training platform for U.S. and Panamanian forces."
s429,news:425615,https://www.dvidshub.net/news/425615/fort-campbell-supports-joint-task-force-exercise,"The installation’s ability to deploy forces by air, rail, highway and inland waterway makes it a major power projection platform for the Army. U.S. Army Garrison-Fort Campbell most recently exercised that capability by supporting a Joint Task Force-Port Opening Exercise, or JTF-PO, July 8-22 to train Army and Air Force personnel on disaster relief operations."
s430,news:496334,https://www.dvidshub.net/news/496334/90-days-joint-task-force-southern-guard,"There are 2,160 hours in 90 days — that’s exactly how long Joint Task Force Southern Guard has been active. In that time, more than 2,500 Soldiers, Airmen, Marines, Sailors, Coast Guardsmen, interagency civilians and contractors answered a short-notice tasking to deploy to Naval Station Guantanamo Bay, Cuba, in support of the Department of Homeland Security’s Illegal Alien Holding Operations. Standing up a joint task force is no small feat — but the team did it, and fast."
s431,news:491277,https://www.dvidshub.net/news/491277/joining-forces-depth-look-into-joint-task-force-southern-guard,"NAVAL STATION GUANTANAMO BAY, Cuba – Some missions take months to plan. Others come together in a moment’s notice. Joint Task Force Southern Guard (JTF-SG) is one of the latter, a force assembled with speed and precision, bringing together military expertise from across the Department of Defense to support Department of Homeland Security (DHS)-led migrant operations. ""Every piece of this operation had to fall in place just right to support the combatant commander’s vision to rapidly meet emerging national security requirements,” said Col. Mark Davis, Joint Task Force Southern Guard Chief of Staff. “Our newly formed JTF hit the ground less than 24 hours after notification ready to turn Maj. Gen. [Phil] Ryan’s plan into reality”"
s432,news:495003,https://www.dvidshub.net/news/495003/nerve-center-24-7-operations-joint-task-force-southern-guard,"NAVAL STATION GUANTANAMO BAY, Cuba – “Attention in the JOC!” This phrase echoes through the joint operations center (JOC), bringing every head up and every conversation to a pause. It’s a signal that critical information is about to be shared to supporting the high-tempo, 24-hour mission carried out within these walls. As the nerve center of Joint Task Force Southern Guard (JTF-SG), the JOC is where information flows, decisions are made, and coordination happens in real time. Unlike a traditional command center run by a single service branch, the JTF-SG JOC is a fully integrated joint environment. Each section works alongside counterparts from different branches, ensuring that no perspective is overlooked."
s433,news:51698,https://www.dvidshub.net/news/51698/medal-recognition-awarded-joint-special-operations-task-forces-philippines-commander,Senior Armed Forces of the Philippines leader presented a Philippine military medal June 18 to the commander of U.S. forces in the southern Philippines for his contributions that has brought stability and security to war torn areas of Basilan and Sulu.
s434,news:43545,https://www.dvidshub.net/news/43545/joint-task-force-435-stands-up-directs-afghanistan-detainee-operations,"A new Joint Task Force created to assume control of detention operations in Afghanistan became operational this week. The new unit, based in Kabul, will play an important role in the counter insurgency campaign in Afghanistan."
s435,news:563055,https://www.dvidshub.net/news/563055/joint-task-force-micronesia-conducts-operations-support-civil-authorities-cnmi,"COMMONWEALTH OF THE NORTHERN MARIANA ISLANDS (April 20, 2026) — Joint Task Force–Micronesia (JTF-M) is conducting Defense Support of Civil Authorities (DSCA) operations in the Commonwealth of the Northern Mariana Islands (CNMI) to recover from the devastating impacts of Super Typhoon Sinlaku."
s436,news:101171,https://www.dvidshub.net/news/101171/task-force-marshall,"Currently, there are thousands of sailors serving ""boots on ground” performing duties from detainee operations to serving as dentists and doctors. Of these sailors, several thousand of them are Individual Augmentees (IA) filling joint or Army positions. Unlike a sailor who deploys with a ship, squadron or unit, IAs leave their assigned unit or command to deploy individually or with a small group."
s437,news:542771,https://www.dvidshub.net/news/542771/task-force-forge-relieves-task-force-sapper-southern-border,"U.S. Marines and Sailors with Combat Logistics Battalion 15, 1st Marine Logistics Group, I Marine Expeditionary Force, have assumed operational responsibilities along the U.S. southern border as Task Force Forge under Joint Task Force–Southern Border, today."
s438,news:21936,https://www.dvidshub.net/news/21936/joint-interagency-task-force-west-get-new-commander,"Coast Guard Rear Adm. Steven H. Ratti, the former chief of staff for Coast Guard Atlantic Area, will become the director of Joint Interagency Task Force West during a ceremony scheduled for 10 a.m. July 31, 2008, on the Special Operations Command – Pacific parade field."
s439,news:369786,https://www.dvidshub.net/news/369786/new-commander-steps-lead-joint-task-force-115,"U.S. Air Force Col. Clark Bramante, commander of the California Air National Guard's 163d Operations Group, 163d Attack Wing, is the newly assigned commander of Joint Task Force JTF 115. The task force is an ongoing mission in California providing humanitarian support in response to the COVID-19 pandemic."
s440,news:490479,https://www.dvidshub.net/news/490479/6th-marines-support-joint-task-force-southern-guard,"Marines of Task Force Belleau Wood, comprised of 6th Regiment and their 1st Battalion (1/6), have completed their first week attached to Joint Task Force Southern Guard (JTF-SG) supporting illegal alien (IA) holding operations in coordination with the Department of Defense and Department of Homeland Security (DHS) as ordered by the President of the United States, here Feb. 8, 2025."
s441,news:275675,https://www.dvidshub.net/news/275675/joint-task-force-11-wraps-up-jlots-18,"ACAJUTLA, El Salvador (April 28, 2018) After two weeks of Lift On/ Lift Off operations with the Military Sealift Command’s Roll On/ Roll Off Vehicle Ship USNS Brittin (T-AKR 305), Joint Task Force (JTF) 11 wrapped up Joint Logistics Over the Shore (JLOTS) 18 with the departure of Brittin from Acajutla, El Salvador, April 27."
s442,news:225473,https://www.dvidshub.net/news/225473/bataan-amphibious-ready-group-deploys,"More than 4,000 Sailors and Marines from the Bataan Amphibious Ready Group (ARG) and 24th Marine Expeditionary Unit (24 MEU) departed from Norfolk and Little Creek, Va., and Camp Lejeune, North Carolina, Saturday and Wednesday."
s443,news:67620,https://www.dvidshub.net/news/67620/bataan-amphibious-ready-group-deploys,"More than 4,000 sailors and Marines from the Bataan Amphibious Ready Group and 22nd Marine Expeditionary Unit began to deploy from Norfolk and Little Creek, Va., March 23, as part of an early deployment to support Operation Odyssey Dawn in the Mediterranean Sea."
s444,news:332093,https://www.dvidshub.net/news/332093/bataan-amphibious-ready-group-completes-pmint,"The amphibious assault ship USS Bataan (LHD 5), Amphibious Squadron 8 (PHIBRON) and the 26th Marine Expeditionary Unit (MEU), all part of the Bataan Amphibious Readiness Group (BATARG), completed a two-week PHIBRON-MEU Integrated Training (PMINT) exercise off the east coast of the United States July 19."
s445,news:353784,https://www.dvidshub.net/news/353784/boxer-amphibious-ready-group-returns-home,"SAN DIEGO – The Sailors and Marines of the Boxer Amphibious Ready Group (ARG) returned to their homeport of San Diego Nov. 27, following a successful seven month deployment to the 7th and 5th Fleet operating areas."
s446,news:165304,https://www.dvidshub.net/news/165304/bonhomme-richard-amphibious-ready-group-deploys,"The Bonhomme Richard Amphibious Ready Group (BHRARG) deployed, June 3. USS Ashland (LSD 48) and USS Green Bay (LPD 20) joined the flagship USS Bonhomme Richard (LHD 6) already underway in the East China Sea."
s447,news:210456,https://www.dvidshub.net/news/210456/bataan-amphibious-ready-group-completes-pmint,"ATLANTIC OCEAN -- The amphibious assault ship USS Bataan (LHD 5) and the Bataan Amphibious Readiness Group (BATARG), Amphibious Squadron (PHIBRON) 8 and the 24th Marine Expeditionary Unit (MEU), completed a two-week PHIBRON-MEU Integrated Training (PMINT) exercise off the east coast of the United States Sept. 23."
s448,news:178332,https://www.dvidshub.net/news/178332/kearsarge-amphibious-ready-group-departs-deployment,"More than 4,000 Sailors and Marines from the Kearsarge Amphibious Ready Group (KSGARG) and 26th Marine Expeditionary Unit (26 MEU) departed from Norfolk and Little Creek, Virginia and Camp Lejeune, North Carolina, Oct 6."
s449,news:170255,https://www.dvidshub.net/news/170255/kearsarge-amphibious-ready-group-begins-comptuex,"Sailors from the Kearsarge Amphibious Ready Group (KSGARG) and Marines assigned to the 26th Marine Expeditionary Unit (MEU) departed Norfolk, to participate in Composite Training Unit Exercise (COMPTUEX) off the East Coast of the United States, July 16."
s450,news:539564,https://www.dvidshub.net/news/539564/amphibious-ready-group-responds-philippines-landslide,"Sailors and Marines from the Forward Deployed Amphibious Ready Group and elements of the 3rd Marine Expeditionary Brigade were called upon yesterday to help the victims of a mudslide on southern Leyte Island in the Philippines, U.S. 7th Fleet officials reported."
s451,news:405139,https://www.dvidshub.net/news/405139/essex-amphibious-ready-group-enters-5th-fleet,"ARABIAN SEA (September 12, 2021) – Amphibious assault ship USS ESSEX (LHD 2), flagship of the ESSEX Amphibious Ready Group (ESX ARG), along with amphibious transport dock USS Portland (LPD 27), dock landing ship USS Pearl Harbor (LSD 52) and embarked 11th Marine Expeditionary Unit (MEU) entered the U.S. 5th Fleet area of operations, Sept. 12."
s452,news:95361,https://www.dvidshub.net/news/95361/peleliu-amphibious-ready-group-resupplies-relaxes-hawaii,"After spending a week at sea, Marines and sailors aboard the USS Rushmore, part of the USS Peleliu Amphibious Ready Group, were given a break when they arrived at U.S. Naval Station Pearl Harbor in Hawaii. Many took the opportunity to relax on Hawaiian beaches or shop for souvenirs before continuing on their Western Pacific deployment."
s453,news:366601,https://www.dvidshub.net/news/366601/bataan-amphibious-ready-group-transits-strait-hormuz,"The Bataan Amphibious Ready Group (ARG) and embarked 26th Marine Expeditionary Unit (MEU), along with guided missile cruiser USS Vella Gulf (CG 72) and the dry cargo and ammunition ship USNS William McLean (T-AKE 12), conducted a routine transit through the Strait of Hormuz into the Arabian Gulf April 3, 2020."
s454,news:232157,https://www.dvidshub.net/news/232157/makin-island-amphibious-ready-group-arrives-hawaii,"The Sailors and Marines of the Makin Island Amphibious Ready Group (ARG)/11th Marine Expeditionary Unit (MEU) arrived at Joint Base Pearl Harbor-Hickam, Hawaii, May 1, for the final port call of the ARG/MEU’s deployment to the U.S. 3rd, 5th and 7th Fleet areas of operation."
s455,news:489965,https://www.dvidshub.net/news/489965/31st-meu-embarks-with-america-amphibious-ready-group,"WHITE BEACH NAVAL FACILITY, Okinawa – U.S. Marines with the 31st Marine Expeditionary Unit (MEU) embarked aboard ships of the America Amphibious Ready Group (ARG), Jan. 28, campaigning and competing in the Indo-Pacific region. The Amphibious Ready Group-Marine Expeditionary Unit (ARG/MEU) forms a cohesive Navy and Marine Corps combined-arms team, ready to respond across a range of military operations. The Navy and Marine Corps team delivers decisive, integrated American naval power."
s456,news:338847,https://www.dvidshub.net/news/338847/amphibious-ready-group-marine-expeditionary-unit-exercise-concludes,"The 26th Marine Expeditionary Unit (MEU) and the U.S. Navy Bataan Amphibious Ready Group (ARG) participated in ARG, MEU exercise (ARGMEUEX) off the coast of North and South Carolina. ARGMEUEX was created to provide essential and realistic ship-to-shore training, designed to enhance the integration of the Navy-Marine Corps team."
s457,news:466372,https://www.dvidshub.net/news/466372/america-amphibious-ready-group-completes-exercise-iron-fist,"Sailors assigned to the America Amphibious Ready Group (ARG), and Marines assigned to the 31st Marine Expeditionary Unit, celebrated the completion of the 18th iteration of Exercise Iron Fist, alongside members of the Japan Ground Self-Defense Force (JGSDF) and Japan Maritime Self-Defense Force (JMSDF), in a ceremony held on the flight deck of the JMSDF Ōsumi -class tank landing ship JS Kunisaki (LST-4003), March 17."
s458,news:397149,https://www.dvidshub.net/news/397149/makin-island-amphibious-ready-group-returns-san-diego,"USS Makin Island (LHD 8), USS San Diego (LPD 22) and USS Somerset (LPD 25) returned to port at Naval Base San Diego, May 23, concluding a seven-month deployment to the U.S. 3rd, 5th, 6th, and 7th Fleet areas of operation."
s459,news:99321,https://www.dvidshub.net/news/99321/iwo-jima-amphibious-ready-group-returns-deployment,"Nearly 2,000 sailors aboard the ships of the Iwo Jima Amphibious Ready Group (IWO ARG) are scheduled to return to their homeports Dec. 18th and 20th following a regularly scheduled deployment to the U.S. 5th and 6th Fleets areas of responsibility."
s460,news:440300,https://www.dvidshub.net/news/440300/america-amphibious-ready-group-completes-exercise-iron-fist,"Sailors assigned to the America Amphibious Ready Group (ARG) and Marines from the 31st Marine Expeditionary Unit (MEU), along with members of the Japan Ground Self-Defense Force (JGSDF) and Japan Maritime Self-Defense Force (JMSDF), celebrated the completion of the 17th iteration of Exercise Iron Fist in a ceremony held on the flight deck of JMSDF landing ship tank JS Ohsumi (LST 4001), March 12."
s461,news:542617,https://www.dvidshub.net/news/542617/tri-ship-america-amphibious-ready-group-visits-brisbane,"BRISBANE, Australia – The amphibious transport dock ship USS San Diego (LPD 22), amphibious dock landing ship USS Rushmore (LSD 47), and embarked elements from the 31st Marine Expeditionary Unit (MEU) arrived in Brisbane for a scheduled port visit July 10 while conducting routine operations in U.S. 7th Fleet."
s462,news:382806,https://www.dvidshub.net/news/382806/iwo-jima-amphibious-ready-group-conducts-live-fire-with-purpose,"The Iwo Jima Amphibious Ready Group (ARG), comprised of the amphibious assault ship USS Iwo Jima (LHD 7), the amphibious transport dock ship USS San Antonio (LPD 17) and the dock landing ship USS Carter Hall (LSD 50), completed a Live-Fire with a Purpose (LFWAP) exercise while underway in the Atlantic Ocean, Oct. 18, 2020."
s463,news:374718,https://www.dvidshub.net/news/374718/final-bataan-amphibious-ready-group-ship-returns-deployment,"The San Antonio-class amphibious transport dock ship USS New York (LPD 21) returned to Naval Station Mayport July 28, the final ship from the Bataan Amphibious Ready Group (ARG) to return home after completing a nearly eight-month deployment that began in December."
s464,news:188776,https://www.dvidshub.net/news/188776/boxer-amphibious-ready-group-13th-marine-expeditionary-unit-deploy,"More than 4,500 Sailors and Marines from the Boxer Amphibious Ready Group (ARG) and 13th Marine Expeditionary Unit (MEU) departed San Diego for a deployment to the U.S. 3rd, 5th and 7th Fleet areas of operations (AOO), Feb. 12."
s465,news:170523,https://www.dvidshub.net/news/170523/iwo-jima-amphibious-ready-group-completes-seven-month-deployment,"More than 4,000 Sailors and Marines from the Iwo Jima Amphibious Ready Group (ARG) and 24th Marine Expeditionary Unit (MEU) completed a seven-month deployment July 15-20, returning to Naval Station Mayport, Fla., Naval Station Norfolk, Joint Expeditionary Base Little Creek-Fort Story, Va. and Camp Lejeune, N.C."
s466,news:112517,https://www.dvidshub.net/news/112517/13th-marine-expeditionary-unit-departs-with-boxer-amphibious-ready-group,"The 13th Marine Expeditionary Unit departed aboard the Boxer Amphibious Ready Group, Aug. 23, for its scheduled deployment throughout the Pacific theater. This will be the first West Coast MEU to deploy with MV-22 Ospreys aboard the amphibious assault ship."
s467,news:333102,https://www.dvidshub.net/news/333102/wasp-amphibious-ready-group-ends-talisman-sabre-with-port-visits,"(July 26, 2019) BRISBANE, Australia – The forward-deployed amphibious assault ship USS Wasp (LHD 1) with the embarked 31st Marine Expeditionary Unit (MEU), arrived in Brisbane for a scheduled port visit July 26 after completing Exercise Talisman Sabre 2019."
s468,news:200172,https://www.dvidshub.net/news/200172/204th-air-defense-artillery-training,"FORT HOOD, Texas— A large-scale military training exercise can be daunting even for a seasoned Soldier, but with elements of the battalion already deployed, the young Soldiers of the 1st Battalion, 204th Air Defense Artillery Regiment of the Mississippi National Guard are especially challenged during this year’s Annual Training here."
s469,news:365907,https://www.dvidshub.net/news/365907/field-and-air-defense-artilleries-not-same,"For some units, preparing for deployment can be a daunting task, especially when differences in Soldiers’ backgrounds and experiences are common. 1st Battalion, 204th Air Defense Artillery Regiment, Mississippi National Guard used their culminating training exercise at Fort Bliss, Texas as an opportunity to stand on a common ground and approach its upcoming deployment with a refined mission focus."
s470,news:171380,https://www.dvidshub.net/news/171380/air-defense-artillery-guard-skies,"CAMP SHELBY, Miss. – Air defense battle management systems operators with Headquarters Battery, 1st Battalion, 204th Air Defense Artillery Regiment, Mississippi Army National Guard, use radars to monitor the skies in support of the 155th Armored Brigade Combat Team, MSARNG, at Camp Shelby Joint Forces Training Center, near Hattiesburg, Miss., July 28, 2015."
s471,news:471494,https://www.dvidshub.net/news/471494/air-defense-artillery-school-welcomes-new-chief-warrant-officer-air-defense-artillery-branch,"Students and guests gathered for the change of responsibility ceremony held for Chief Warrant Officer 5 Mitchell Brown, outgoing, and Chief Warrant Officer 5 Robert Balch, incoming, today at the Fires Center of Excellence and Snow Hall’s Kerwin Auditorium."
s472,news:251512,https://www.dvidshub.net/news/251512/letterkenny-support-35th-air-defense-artillery,Ready. Willing. Able. Three words synonymous with Letterkenny Army Depot for more than 75 years. Three words that describe the Depot workforce’s dedication to Soldier support. Three words that produce successful outcomes.
s473,news:20399,https://www.dvidshub.net/news/20399/174th-air-defense-artillery-recognizes-instructor,"Sgt. Jason Norman, an Avenger crew chief for Battery C, 2nd Battalion, 174th Air Defense Artillery, was recognized by his peers, June 11, as Battery C Instructor of the Day for his superior knowledge while instructing Soldiers on map-reading tasks."
s474,news:117226,https://www.dvidshub.net/news/117226/air-defense-artillery-inducts-duck-hunter,"Retired Sgt. 1st Class Silas “Uncle Si” Robertson, cast member of the hit show, “Duck Dynasty,” was inducted into the ‘Honorable Order of the Renegade Duck Hunter’ here on Nov. 13 by the 4-5 Air Defense Artillery Battalion command team, Lt. Col. William M. Dowling and Command Sgt. Maj. Dennis D. Phifer."
s475,news:115197,https://www.dvidshub.net/news/115197/31st-air-defense-artillery-transfer-authority,"The U.S. Army conducts multiple events and ceremonies that are rich and history and symbolism. One such ceremony was held in October symbolizing the transfer of authority within the CENTCOM area of responsibility between the 69th Air Defense Artillery Brigade Headquarters stationed at Fort Hood, Texas and the 31st Air Defense Artillery Brigade stationed at Fort Sill, Okla."
s476,news:282764,https://www.dvidshub.net/news/282764/air-defense-artillery-fire-control-officers-integrate-air-defense-europe,"Maj. Adam Williams and Maj. Keith Phelan, 678th Air Defense Artillery Brigade (ADA BDE), South Carolina National Guard, recent graduates of the Air Defense Artillery Fire Control Officers (ADAFCO) course, Kirkland, Air Force Base, Albuquerque, New Mexico, June, 2018."
s477,news:204445,https://www.dvidshub.net/news/204445/35th-air-defense-artillery-brigade-validates-air-missile-defense-readiness-rok,"PORT OF BUSAN, South Korea – In a monumental first, 35th Air Defense Artillery Brigade, executed an Emergency Deployment Readiness Exercise, validating the unit’s ability to integrate external ballistic missile defense assets into the Korean theater of operation by sea, July 13 at the Port of Busan."
s478,news:395348,https://www.dvidshub.net/news/395348/air-defense-artillery-battalion-welcomes-new-commander,"Lt. Col. Tina Madovoy, assumed command of 1st Battalion, 265th Air Defense Artillery Regiment,164th Air Defense Artillery Brigade, from outgoing commander, Lt. Col. Robert C. Bellomo, during a Change of Command Ceremony at Camp Blanding Joint Training Center, Fla., Friday April 30, 2021."
s479,news:176663,https://www.dvidshub.net/news/176663/1st-battalion-204th-air-defense-artillery-deploys,"Nearly 200 Soldiers from 1st Battalion, 204th Air Defense Artillery Regiment, Mississippi Army National Guard, headquartered in Newton, departed from Jackson - Medgar Wiley Evers International Airport en route to Fort Bliss, Texas, for post-mobilization Sept. 19, 2015."
s480,news:287437,https://www.dvidshub.net/news/287437/164th-air-defense-artillery-welcomes-new-commander,"ORLANDO, Fla. – Soldiers of the 164th Air Defense Artillery Brigade welcomed a new commander during a ceremony at the University of Central Florida, August 3, when Col. Grant Slayden exchanged command of the brigade with Lt. Col. Sean Boyette."
s481,news:443924,https://www.dvidshub.net/news/443924/guard-air-defense-artillery-provides-short-range-air-defense-exercise-balikatan-23,"1st Battalion, 204th Air Defense Artillery Regiment, one of only two National Guard units taking part in this year’s exercise, traveled to a remote seaside location near San Narciso, Philippines, to provide short-range air defense with radar systems and Avenger Air Defense Systems at Exercise Balikatan 23 from April 18-26."
s482,news:472295,https://www.dvidshub.net/news/472295/1-62-air-defense-artillery-battalion-transfer-authority-us-patriot-mission-5-7-air-defense-artillery,"POLAND — The 1st Battalion, 62nd Air Defense Artillery Regiment will transfer authority of the U.S. Patriot mission in Eastern Europe to the 5th Battalion, 7th Air Defense Artillery Regiment on June 17, 2024. The 5-7 ADA rotation signals the U.S. and NATO’s ongoing commitment to strengthening the security and defense posture in Eastern Europe."
s483,news:246879,https://www.dvidshub.net/news/246879/air-force-meets-air-defense,"The soldiers of Bravo Battery, 2nd Battalion, 43rd Air Defense Artillery Regiment, 11th Air Defense Artillery Brigade get a lot of attention from their Air Force partners on Al Udeid Air Base, Qatar. “We’re lucky enough to have site visits from them probably once a week,” said Capt. Laura Burdick, commander of Bravo Battery, 2-43 ADAR. “We’ve got all different agencies from the Air Force visiting.”"
s484,news:453385,https://www.dvidshub.net/news/453385/1st-battalion-57th-air-defense-artillery-regiment-activation,"SEMBACH, Germany -- The 1st Battalion, 57th Air Defense Artillery Regiment, will activate on October 4, 2023, at Katterbach Kaserne in Ansbach, Germany. 1-57 is an active duty short range air defense unit with similar capabilities as the 5th Battalion, 4th Air Defense Artillery Regiment, in Ansbach, Germany."
s485,news:280854,https://www.dvidshub.net/news/280854/62nd-air-defense-artillery-conducts-expeditionary-mobility-training,"By 2nd Lt. Matthew Buyer Alpha Company/1-62 ADA Unit Public Affairs Representative ALI AL SALEM AIR BASE, Kuwait – As the sun sets on American Soldiers deployed to Southwest Asia, the members of Alpha Battery, 1st Battalion, 62nd Air Defense Artillery Regiment, hold their heads high after completing rigorous training. The unit has just completed a Table VII gunnery certification in preparation for the culminating evaluation. In that event, the Table VIII, Patriot battery crews exercise expeditionary"
s486,news:359386,https://www.dvidshub.net/news/359386/678th-air-defense-artillery-brigade-conducts-drash-training,"EASTOVER, S.C. - U.S. Army National Guard Soldiers with the 678th Air Defense Artillery Brigade, South Carolina National Guard, conducted training on the Deployable Rapid Assembly Shelter Nov. 16, 2019, at the readiness center in Eastover, South Carolina."
s487,news:168616,https://www.dvidshub.net/news/168616/2-44th-air-defense-artillery-regiment-changes-command,"Soldiers of the 2nd Battalion, 44th Air Defense Artillery Regiment, 101st Sustainment Brigade, 101st Airborne Division, participated in a change of command ceremony Wednesday, at the division parade field. During the ceremony, Lt. Col. Timothy R Shaffer, the outgoing battalion commander, relinquished command to Lt. Col. James C. Reese, the incoming commander."
s488,news:230799,https://www.dvidshub.net/news/230799/task-force-spartan-visits-air-defense-artillery-site,"Members of Task Force Spartan’s 29th Infantry Division recently toured a Patriot Air Defense Artillery Site here to obtain an on-the-ground overview briefing of Air Defense Artillery capabilities. The Soldiers toured the facilities of the 4th Battalion, 5th Air Defense Artillery. This included elements of the Engagement Control Station, Battery Command Post, Electric Power Plant, and Radar sections. Members of the unit even demonstrated a reload of Patriot missiles to a launching platform."
s489,news:229951,https://www.dvidshub.net/news/229951/task-force-spartan-visits-air-defense-artillery-site,"Members of Task Force Spartan’s 29th Infantry Division recently toured a Patriot Air Defense Artillery Site here to obtain an on-the-ground capabilities briefing of Air Defense Artillery capabilities. The Soldiers toured the facilities of the 4th Battalion, 5th Air Defense Artillery. This included elements of the Engagement Control Station, Battery Command Post, Electronic Power Plant, and Radar sections. Members of the unit even demonstrated a reload of Patriot missiles to a launching platform."
s490,news:338028,https://www.dvidshub.net/news/338028/amcoms-display-patriot-relocates-home-air-defense-artillery,"REDSTONE ARSENAL, Ala. -- The decommissioned Patriot missile launcher on display in front of the U.S. Army Aviation and Missile Command's headquarters departed Redstone Arsenal, Aug. 28, headed for a new home at the front gates of Fort Sill, Oklahoma, to represent air defense artillery units and Soldiers stationed there."
s491,news:288154,https://www.dvidshub.net/news/288154/bg-morrissey-visits-35th-air-defense-artillery-brigade,"Brigadier Gen. Michael T. Morrissey and Command Sgt. Maj. Eric R. McCray, commander and command sergeant major, respectively, of the 94th Army Air and Missile Defense Command, visited 35th Air Defense Artillery Brigade, August 8-10, to meet the brigade command team and get a close-up view of the unit's operations"
s492,news:468257,https://www.dvidshub.net/news/468257/5-4-air-defense-artillery-participate-defender-2024,"ANSBACH, Germany — Bravo Battery, 5th Battalion, 4th Air Defense Artillery Regiment, is set to participate in DEFENDER 24's Exercise Saber Strike in Poland. Scheduled to occur April 8 - 30, 2024, Bravo Battery will provide six Maneuver Short Range Air Defense (M-SHORAD) Strykers and over 40 Soldiers to support U.S. Army and NATO forces with short-range air defense during live-fire exercises as part of DEFENDER 24's Exercise Saber Strike in Poland,"
s493,news:149311,https://www.dvidshub.net/news/149311/ohio-army-national-guard-air-defense-artillery-unit-deploy,"About 210 Soldiers from the Ohio Army National Guard's 1st Battalion, 174th Air Defense Artillery Regiment, Task Force Shiloh, located in Woodlawn, Ohio, are deploying in support of Operation Noble Eagle."
s494,news:464896,https://www.dvidshub.net/news/464896/1-62-air-defense-artillery-battalion-extends-deployment-poland,"POLAND — The 1st Battalion, 62nd Air Defense Artillery Regiment (1-62 ADA BN), based out of Fort Cavazos, Texas, has seen its deployment in Poland extended for three additional months. This decision underscores the unit's critical role in bolstering NATO's defense posture in Eastern Europe. ""This deployment has been one of the most rewarding and challenging experiences of my life. I have learned so much about myself and my teammates,"" shared 1st Lt. Julia Cooke, the HHB executive officer, reflecting on the personal growth and team cohesion developed during this time."
s495,news:477353,https://www.dvidshub.net/news/477353/fort-sill-welcomes-air-defense-artillerys-46th-commandant-and-chief,"FORT SILL, Okla. — A joint Assumption of Responsibility Ceremony took place on July 30, 2024, at McNair Hall, Fort Sill, welcoming Brig. Gen. Alric “Ric” L. Francis as Commandant of the Field Artillery and Col. Glenn Henke as the 46th Commandant and Chief of the Air Defense Artillery."
s496,news:353524,https://www.dvidshub.net/news/353524/3-4-air-defense-artillery-soldiers-remain-ready-and-resilient,"Soldiers assigned to Echo Battery, 3-4 Air Defense Artillery Regiment conducted Airborne operations to remain ready and resilient Nov. 21, 2019 at Fort Bragg, N.C. These are valuable Soldier qualities that are adjacent and instrumental to ensuring mission readiness within their unit and the Army as a whole. Soldiers within Echo Battery performed multiple T-11 main parachute jumps from a United States Air Force C-130J aircraft while equipped with Stinger Missile jump packs and other combat equipment. Every operation provides opportunities for Soldiers to enhance familiarity with equipment and foster trust."
s497,news:437387,https://www.dvidshub.net/news/437387/florida-guards-space-control-squadron-redesignated-electronic-warfare-squadron,"The 114th Space Control Squadron, a geographically separated unit assigned to the Florida Air National Guard’s 125th Fighter Wing, was redesignated as the 114th Electromagnetic Warfare Squadron Jan. 14."
s498,news:274535,https://www.dvidshub.net/news/274535/learning-and-leading-electronic-warfare,"Every career field can have it’s highs and lows, and for some there’s much more to gain than just knowing how to do the job efficiently. Often, a job can shape someone both personally and professionally creating a unique perspective on their role. Maintaining the defensive systems of mission essential aircraft is a critical task. Tech Sgt. Joshua Dungan, electronic warfare systems craftsman with the 353rd Special Operations Maintenance Squadron at Kadena Air Force Base, Japan, has gained much more than job proficiency over his years in the career field."
s499,news:91662,https://www.dvidshub.net/news/91662/wright-posts-new-electronic-warfare-squadron-sergeant-major,"Sgt. Maj. Charles F. Wright took his post as sergeant major of 2nd Marine Aircraft Wing's Marine Tactical Electronic Warfare Squadron 1, replacing Sgt. Maj. Bernard C. Coleman during a ceremony on the parade field, July 13."
s500,news:39078,https://www.dvidshub.net/news/39078/marine-tactical-electronic-warfare-squadron-4-rules-skyways-and-highways,"To this day, Marines still stand post at entry control points to assess potential threats at Al Asad Air Base, Iraq, and drive through the gates across the desolate sands of Iraq on missions. While spending several hours in battle rattle, soaking up the desert's relentless rays, some may look at these as daunting tasks, but for Marine Tactical Electronic Warfare Squadron 4, it's considered perks of the job."
s501,news:370927,https://www.dvidshub.net/news/370927/spartans-train-recertify-electronic-warfare-capabilities,"Spartan cavalry scouts with 6th Squadron, 8th Cavalry Regiment, 2nd Armored Brigade Combat Team, 3rd Infantry Division, conducted a re-certification course for the AeroVironment RQ-11 Raven surveillance system last week at Glebokie, Drawsko Pomorski Training Area, Poland. Raven operators displayed their proficiency over the unmanned aerial vehicle during their Master Qualifying Training."
s502,news:484269,https://www.dvidshub.net/news/484269/950th-spectrum-warfare-group-and-17th-electronic-warfare-squadron-activate-robins-air-force-base,"The 350th Spectrum Warfare Wing activated the 950th Spectrum Warfare Group and the 17th Electronic Warfare Squadron in an assumption of command ceremony held at the Museum of Aviation at Robins Air Force Base, Georgia, Oct. 29, a full three years ahead of schedule."
s503,news:142849,https://www.dvidshub.net/news/142849/41-eecs-scorpions-execute-theater-electronic-warfare,"With more than 6,600 sorties and 38,000 flying hours in support of Operation Enduring Freedom, the 41st Expeditionary Electronic Combat Squadron provides premier counter-communications electronic attack capabilities here."
s504,news:410853,https://www.dvidshub.net/news/410853/marine-pilots-hone-proficiency-information-electronic-warfare,"Marine pilots refocus their priorities, opting to train their electronic warfare capabilities to defeat adversaries in the information environment aboard Marine Corps Air Station Camp Pendleton, Dec. 2-3. The training enabled U.S. Marines from Marine Light Attack Helicopter Squadron (HMLA) 267 to familiarize themselves with the AN/ALQ-231 Intrepid Tiger II (IT II) Electronic Warfare (EW) pod from signals intelligence specialists with Team Ronin of the 3rd Marine Aircraft Wing (MAW) intelligence section. The IT II is a precision, on-demand, external carriage EW weapon system designed to provide Marine Corps aircraft with an organic, distributed and networked EW capability that can be controlled from the cockpit or by a ground operator. Its open architecture design and rapid reprogrammability give IT II the flexibility and adaptability to meet current and future threats."
s505,news:361238,https://www.dvidshub.net/news/361238/combating-electronic-warfare-1-cbcs-secret-weapon,"Over the years, people have become reliant on technology to pull them out of sticky situations. Similarly, advances in technology have propelled the way militaries win wars, or prevent them from happening. But what happens when these technological dependencies suddenly disappear? How will people function if an adversary blocks communications for ground forces?"
s506,news:102186,https://www.dvidshub.net/news/102186/vmaq-4-seahawks-bring-electronic-warfare-capabilities-back-iwakuni,"Marine Tactical Electronic Warfare Squadron 4, based out of Marine Corps Air Station Cherry Point, N.C., is Marine Corps Air Station Iwakuni's newest Unit Deployment Program squadron, arriving here Feb. 1, 2013."
s507,news:295262,https://www.dvidshub.net/news/295262/com-nav-electronic-warfare-classes-combine-heavy-aircraft-maintainers,"A new class in the 365th Training Squadron continues Sheppard AFB's heritage of producing mission-ready Airmen for heavy aircraft maintainers in the mobility air force integrated communication, countermeasure and navigation systems career field by providing instruction on each intricate systems before graduating."
s508,news:247056,https://www.dvidshub.net/news/247056/compass-call-reshapes-oir-battlefield-with-electronic-warfare-domination,"Often times when we think about how air power is used in the fight against ISIS, we think about cargo aircraft delivering critical supplies and personnel to the frontlines or bombs being dropped onto targets. What’s not often thought of is how the Air Force has the non-kinetic ability to disrupt enemy communications on the ground and therefore the ability to turn the tables on the battlefield."
s509,news:60632,https://www.dvidshub.net/news/60632/cavalry-soldiers-maintain-electronic-communications,"Soldiers with Bravo Troop, 2nd Squadron, 108th Cavalry Regiment, 224th Sustainment Brigade, 103rd Sustainment Command (Expeditionary), from Shreveport, La., help communicate effectively and efficiently by sustaining electronic warfare operations at Contingency Operating Base Adder, Iraq."
s510,news:470567,https://www.dvidshub.net/news/470567/350th-sww-reactivates-two-historic-ew-squadrons,"To meet the Air Force’s growing demand for Spectrum effects, the 350th Spectrum Warfare Wing recently reactivated two historic squadrons, the 563rd Electronic Warfare Squadron, in San Antonio, Texas, and the 388th Electronic Warfare Squadron, here at Eglin Air Force Base, Florida."
s511,news:434487,https://www.dvidshub.net/news/434487/36th-ews-conceptualize-reclamation-electronic-attack-pods-program,"Late last year the 36th Electronic Warfare Squadron traveled to Langley Air Force Base, Va., and met with Air Combat Command to discuss efforts to sustain the service life of Electronic Attack (EA) Pods, increase the availability of parts for essential repairs across the Air Force, and ensure the warfighter has continued electronic warfare (EW) capabilities across multiple areas of responsibility."
s512,news:34971,https://www.dvidshub.net/news/34971/steel-sharpens-steel-marine-tactical-electronic-warfare-squadron-4-marines-strengthen-deployed-communitys-quick-reaction-force-skills,"Each unit aboard Al Asad Air Base, Iraq, has to be ready at a moment's notice, to protect its facilities and personnel from unforeseen situations such as a bomb threat or an enemy intruder in their area. These Quick Reaction Forces are not established and set aside on standby to wait for a conflict. They are the working men and women of each unit who, at the sound of an emergency, drop their tools or leave their work sections and put on the role and responsibility of protector."
s513,news:413608,https://www.dvidshub.net/news/413608/operation-spacecat-building-joint-electromagnetic-warfare-professionals,"CAPE CANAVERAL SPACE FORCE STATION, Fla. – Near the end of 2021, members of the 114th Space Control Squadron hosted the U.S. Navy’s Electronic Attack Squadron 139 (VAQ-139) at Cape Canaveral Space Force Station."
s514,news:8038,https://www.dvidshub.net/news/8038/prowler-squadron-sets-flight-hour-milestone-iraq,"More than 30 years have passed since the first EA-6 Prowler flew into combat during the Vietnam War. Today, it continues to provide lifesaving electronic warfare support to U.S. service members during Operation Iraqi Freedom."
s515,news:136784,https://www.dvidshub.net/news/136784/vmaq-2-maintains-safety-squadron-readiness,"Marine Tactical Electronic Warfare Squadron 2 is an EA-6B Prowler squadron stationed at Marine Corps Air Station Cherry Point. The EA-6B Prowler is a specialized aircraft that requires dozens of Marines from 10 different sections within the squadron, each doing their part, to keep the aircraft ready to fly at all times."
s516,news:233851,https://www.dvidshub.net/news/233851/intelligence-squadron-honor-baron-52-vietnam-veterans,"During the Vietnam War, intelligence Airmen were crucial to ground forces and decision makers. These warriors used intelligence to triangulate the position of adversaries from onboard an EC-47Q electronic warfare collection aircraft, or ‘Electric Goon,’ tail number 43-48636, call-sign BARON 52."
s517,news:440253,https://www.dvidshub.net/news/440253/black-skies-23-1-starcom-improves-combat-readiness-through-its-second-live-fire-electronic-warfare-exercise,"Building upon the lessons learned during the inaugural BLKS exercise, the 392d Combat Training Squadron, under Delta 1, recently hosted its second iteration, dubbed BLACK SKIES 23-1 (BLKS 23-1), in coordination with Space Operations Command and U.S. Space Command’s Combined Space Operations Center (CSpOC)."
s518,news:80410,https://www.dvidshub.net/news/80410/marine-squadron-afghanistan-wins-pentagons-top-maintenance-award,"Just days into their second deployment to Afghanistan in two years, the Marines of Marine Tactical Electronic Warfare Squadron 1, an EA-6B Prowler squadron deployed from Marine Corps Air Station Cherry Point, N.C., learned they received the Pentagon’s top maintenance award for their efforts in 2010."
s519,news:308104,https://www.dvidshub.net/news/308104/sailor-first-expeditionary-warfare-specialist-qualify-subase-new-london,"Electronics Technician 2nd Class France Duval, assigned to Naval Submarine Base New London’s Coastal Riverine Squadron 8, became the first service member attached to the base to earn the Enlisted Expeditionary Warfare Specialist qualification, Jan. 18."
s520,news:456613,https://www.dvidshub.net/news/456613/350th-spectrum-warfare-wing-activates-two-detachments-robins-afb,"The evolution of missions continues at Robins Air Force Base, Georgia, with the activations of the 350th Spectrum Warfare Wing, Detachment 1 and 87th Electronic Warfare Squadron, Detachment 1. It happened Oct. 25, inside the Century of Flight building at the Museum of Aviation."
s521,news:173532,https://www.dvidshub.net/news/173532/vmaq-2-welcomed-home-with-open-arms,Marine Tactical Electronic Warfare Squadron 2 returned from a deployment in support of the United States Pacific Command. The Squadron provided airborne electronic warfare in the Asia-Pacific region during this deployment.
s522,news:360885,https://www.dvidshub.net/news/360885/25th-space-range-squadron-provides-platform-joint-warfighters,"SCHRIEVER AIR FORCE BASE, Colo. -- The 25th Space Range Squadron, a mission partner located at Schriever Air Force Base and falls under Air Combat Command’s Nevada Test and Training Range at Nellis AFB, Nevada, recently was recently named one of ACC’s winners of the Air Force Outstanding Unit Award. The unit provides a space electronic warfare range for developing lethal, agile and resilient joint warfighters."
s523,news:451412,https://www.dvidshub.net/news/451412/combat-shield-ensures-ew-readiness-us-indo-pacific,"Members from the 87th Electronic Warfare Squadron, recently completed their annual Pacific Air Forces (PACAF) airframe-specific electronic warfare (EW) readiness assessment tour, part of their Combat Shield mission."
s524,news:406267,https://www.dvidshub.net/news/406267/compass-call-squadron-inactivated-after-20-years-theater,"The 41st Expeditionary Electronic Combat Squadron was officially inactivated September 28, 2021 after almost twenty years of providing continual airborne electronic combat support to the U.S. Central Command area of responsibility."
s525,news:120997,https://www.dvidshub.net/news/120997/marine-prowlers-arrive-auab,"The Marine Tactical Electronic Warfare Squadron 3 (VMAQ-3) ""Moondogs"" arrived at Al Udeid Air Base, Qatar, with their fixed wing electronic warfare EA-6B Prowlers, Feb. 17, 2014, to support the U.S. Central Command area of responsibility."
s526,news:379389,https://www.dvidshub.net/news/379389/idaho-national-guards-266th-range-squadron-deploys-uk,"Several Airmen from the Idaho Air National Guard’s 266th Range Squadron and their specialized Joint Threat Emitter equipment deployed this week to Scotland, United Kingdom, after being specifically requested by the No. 11 Group Royal Air Force to support them in numerous joint exercises for the next couple months during the unit’s Carrier Strike Group deployment. Idaho’s 226th RANS possesses highly sought-after electronic warfare training capabilities due to the specialized Threat Emitter Units. The IDANG sent two four-person teams with two Joint Threat Emitters to the U.K. on Royal Air Force C-17 Globemaster transport aircraft."
s527,news:104976,https://www.dvidshub.net/news/104976/vmaq-4-seahawks-roar-above-pacific-sky,"Electronic countermeasures: This is the mission of the EA-6B Prowler operated by Marine Tactical Electronic Warfare Squadron 4 currently participating in the Unit Deployment Program aboard Marine Corps Air Station, Iwakuni."
s528,news:299631,https://www.dvidshub.net/news/299631/vaq-135-arrives-al-udeid,"The U.S. Navy’s Electronic Attack Squadron 135 (VAQ-135) “Black Ravens” replaced the U.S. Marine Corps’ Tactical Electronic Warfare Squadron 2 (VMAQ-2) at Al Udeid Air Base, Qatar, Oct. 30, 2018, providing electronic attack, jamming, satellite communication and communication countermeasures to aerial operations in the area."
s529,news:7489,https://www.dvidshub.net/news/7489/marines-power-prowlers-into-iraqi-sky,"Under the direction of a lone Marine standing in its path, a deafening EA-6B Prowler taxis to a stop. With their electronic warfare mission accomplished, the flight crew turns responsibility for the aircraft over to the powerline division Marines with Marine Tactical Electronic Warfare Squadron 2, Marine Aircraft Group 16 (Reinforced), 3rd Marine Aircraft Wing."
s530,news:530664,https://www.dvidshub.net/news/530664/special-operations-forces-bosnia,"Special operations forces from the Army, Navy and Air Force conduct numerous missions supporting NATOs implementation force in Bosnia. Assistance ranges from air support and rescue operations to reconnaissance and liaison duties."
s531,news:105209,https://www.dvidshub.net/news/105209/slovakian-special-operations-forces-transition,"Slovakian Special Operations Forces (SOF) soldiers of the 5th Special Forces Regiment of Jozef Gabcik, who have been serving in eastern Afghanistan in support of a Provincial Response Company (PRC), an Afghan special police unit, of the Afghan National Police, have recently undergone a change of mission."
s532,news:184548,https://www.dvidshub.net/news/184548/special-operations-forces-participate-baraza,"People from the Boni Tribe participated in a Baraza with representatives from the Kenyan National government, the Lamu County government and the U.S. Embassy at the Hapa Hapa Hotel in Mokowe, Kenya, Nov. 5, to discuss their issues and concerns."
s533,news:115419,https://www.dvidshub.net/news/115419/us-special-forces-shape-future-afghan-special-operations,"The 5th Special Forces Group (Airborne) was activated September 1961. It is one of five such groups and a highly decorated special operations unit in the U.S. Army. The unit was originally formed during the cold war, specializing in teaching foreign fighters in guerilla warfare tactics to topple corrupt regimes. The group served a key role in Afghanistan’s fight for freedom by being the first soldiers on the ground in Afghanistan after the 9/11 attacks. These elite warriors demonstrated their ability to adapt and overcome the challenges of being a completely expeditionary force with no infrastructure by working with Afghan tribal armies to overthrow the Taliban’s regime. The group’s 2nd Battalion has spent the past seven months serving as the Special Operations Task Force – West headquarters, a subcomponent of the Combined Joint Special Operations Task Force – Afghanistan. The SOTF combines special operations members from the U.S. Army, Navy, Marine Corps and Air Force."
s534,news:212846,https://www.dvidshub.net/news/212846/special-operation-forces-integrate-into-awa-171,"FORT BLISS, Texas- Soldiers assigned to 1st Special Forces Group (Airborne), Joint Base Lewis-McChord, Washington, participated in the inaugural Army Warfighting Assessment (AWA 17.1), a Soldier-led assessment held in the rigorous and realistic operational training environment found here and at White Sands Missile Range, New Mexico from Oct. 17-28."
s535,news:32895,https://www.dvidshub.net/news/32895/iraqi-special-operations-forces-demonstrates-capabilities,"Iraqi special operations forces started the day with a bang, literally. The flash bang grenade breached the front door of the house and immediately the members of the ISOF stormed in to rescue the hostage and neutralize the enemy."
s536,news:102200,https://www.dvidshub.net/news/102200/albanian-special-operations-forces-transfer-authority,"The Republic of Albania, Special Operations Forces team Eagle 5, which has served in Afghanistan for seven months, transferred authority of their missions in the district of Spin Boldak, Afghanistan, to team Eagle 6 in a ceremony Feb. 14 here."
s537,news:206307,https://www.dvidshub.net/news/206307/284th-asos-trains-with-special-operations-forces,"Training in the ever-changing Kansas weather provides realistic scenarios for Airmen and Soldiers participating in a combat exercise at Smoky Hill Weapons Range, Kansas. March 2 proved to be one of those days where the elements forced the 284th Air Support Operations Squadron and the 19th Special Forces Group to adjust."
s538,news:473546,https://www.dvidshub.net/news/473546/nato-special-operations-forces-secure-baltic,"NATO Special Operations Forces (SOF) from six Allied nations recently completed Exercise Flaming Sword 24 in Lithuania, showcasing the alliance's commitment to warfighting cooperation, collaboration, and interoperability in the Baltic region. The primary purpose of the exercise was to train and test the warfighting readiness of NATO SOF units to conduct operations in response to increased aggression against its Allies."
s539,news:105982,https://www.dvidshub.net/news/105982/romanian-special-operations-forces-remember-sacrifice,"Romanian army special operations forces soldiers recently remembered the ultimate sacrifice by one their own, Capt. Tiberius Petre, four years ago on April 3, 2009, while serving as an Operational Detachment Alpha commander in Ebrahim Kheyl Village, Baraki Barak district in Logar province."
s540,news:71341,https://www.dvidshub.net/news/71341/jloc-sustaining-special-operations-forces-afghanistan,"Running out of food, water or ammunition can cause a serious dip in morale and safety for the military personnel it affects. When units run out of such commodities, or when there is an emergency, they contact the Joint Logistics Operations Center at Camp Vance."
s541,news:17033,https://www.dvidshub.net/news/17033/commander-foresees-growth-special-operations-forces,"The numbers of U.S. special operations forces are expected to grow in the years ahead as the United States continues its fight against global terrorism, a senior U.S. military officer told a Senate panel, March 4."
s542,news:453688,https://www.dvidshub.net/news/453688/special-operations-command-north-deploys-special-operations-forces-arctic-during-operation-polar-dagger,"Special Operations Command North executed Operation Polar Dagger, a demonstration of rapidly deployable joint special operations forces in the Alaskan Arctic and Subarctic regions, to include Shemya, Attu and St. Lawrence Islands, Aug. 15-Sept. 10, 2023."
s543,news:453680,https://www.dvidshub.net/news/453680/special-operations-command-north-deploys-special-operations-forces-arctic-during-operation-polar-dagger,"PETERSON SPACE FORCE BASE, Colo. -- Special Operations Command North executed Operation Polar Dagger, a demonstration of rapidly deployable joint special operations forces in the Alaskan Arctic and Subarctic regions, to include Shemya, Attu and St. Lawrence Islands, Aug. 15-Sept. 10, 2023."
s544,news:468000,https://www.dvidshub.net/news/468000/special-operations-forces-sof-smee-us-and-canadian-special-forces-forge-partnerships-jamaica,"Members of the District of Columbia Army National Guard joined forces with elite units from the U.S. and Canada for a Special Operations Forces (SOF) Subject Matter Expert Exchange (SMEE) in Kingston, Jamaica, Feb. 16-22, 2024. The collaboration with SOF counterparts from the Bahamas, Barbados, Belize, and Trinidad and Tobago, marked a significant milestone in international military cooperation amid the backdrop of Tropical Dagger."
s545,news:489171,https://www.dvidshub.net/news/489171/us-special-operations-command-europe-hosts-tabletop-exercise-with-finnish-special-operations-forces,"U.S. Special Operations Command Europe (SOCEUR) held a tabletop exercise (TTX) in collaboration with Finnish Special Operations Forces (FINSOF) from Nov. 5 to Nov. 7, 2024 at SOCEUR Headquarters in Stuttgart, Germany. This TTX was structured around a hypothetical scenario where an adversary threatens the sovereignty of an allied nation, requiring a coordinated Special Operations Forces (SOF) response and strategy."
s546,news:459814,https://www.dvidshub.net/news/459814/naval-special-warfare-enhances-allied-defense-with-romanian-special-operations-forces,"East Coast-based Naval Special Warfare Operators (SEALs) and the 164th Romanian Naval Special Operations Forces (ROUSOF) conducted training on maritime interdiction operations, special reconnaissance, and special operations tactics to enhance allied defense throughout the European region. The joint effort was conducted November 4-17, and enhanced maritime expertise and strengthened the capacity to respond to maritime crises in the Black Sea region."
s547,news:474234,https://www.dvidshub.net/news/474234/10th-special-forces-group-takes-first-best-combat-divers-across-special-operations-forces,"The U.S. Army John F. Kennedy Special Warfare Center and School hosted the USASOC Best Combat Diver Competition at the Special Forces Underwater Operations School, Key West, Florida, June 10-12. This is the second year the competition is being held at the Special Forces Underwater Operations School on Fleming Key, Key West's northern point. This year marks the 60th anniversary of the Special Forces Underwater Operations. A ceremony for the anniversary was accompanied with a fly over and a memorial ceremony recognizing the legacy of 8 fallen combat divers from throughout the years."
s548,news:34969,https://www.dvidshub.net/news/34969/iraqi-special-operations-forces-us-soldiers-take-special-forces-challenge-compete-bragging-rights,"Despite the harsh heat intensifying with each passing second, Soldiers pushed their personal limitations during a Special Forces Challenge that took place on a guarded military compound located in the Iraqi capital on June 2."
s549,news:494767,https://www.dvidshub.net/news/494767/special-operation-forces-medical-airmen-train-combat,"The Special Operations Forces Medical Skills Development course aims to prepare doctors, physician assistants and independent duty medical technicians, embedded within Special Operations units across the Air Force Special Operations Command enterprise, for potential challenges of providing medical care in austere, unpredictable environments. This training is conducted three times a year at Hurlburt Field, Florida."
s550,news:261308,https://www.dvidshub.net/news/261308/taliban-incapable-countering-afghan-special-operations-forces,"7th Special Operations Kandak (Battalion) Commandos used the cover of darkness to surprise and overmatch the Taliban during two night offensive operations in Helmand province, Afghanistan, Dec. 29, 2017 and Jan. 1, 2018."
s551,news:189008,https://www.dvidshub.net/news/189008/senegalese-special-operations-forces-conduct-riverine-training,"Senegalese Special Operations Forces Soldiers landed on the shores of Saint Louis, Senegal, Feb. 10 during the culmination exercise of riverine training. Riverine training is one of the training events occurring in St. Louis as a part of Flintlock 2016."
s552,news:90851,https://www.dvidshub.net/news/90851/marine-engineers-build-outpost-special-operations-forces,"Marines and sailors from Charlie Company, 8th Engineer Support Battalion, 1st Marine Logistics Group (Forward) fortified an Afghan compound during a two-week operation in order to create a suitable village stability platform for members of Special Operations Task Force-West."
s553,news:533393,https://www.dvidshub.net/news/533393/special-operations-force-multiplier-anti-terror-war,"Multitalented special operations troops provide senior U.S. military commanders with an array of options in addressing the multifaceted challenges presented by the war on global terrorism, said DoD's top special operations official."
s554,news:507804,https://www.dvidshub.net/news/507804/hagel-stresses-value-special-operations-forces-security,Defense Secretary Chuck Hagel highlighted the value of special operations forces during a visit with Marine special operations troops at the Stone Bay facility at Marine Corps Base Camp Lejeune in North Carolina.
s555,news:29902,https://www.dvidshub.net/news/29902/air-force-chief-staff-praises-special-operators,"Though the United States has the most technologically advanced armed forces in the world, the individual knowledge and skills U.S. special operators bring to the table are the keys to success against persistent conflicts enduring around the globe, the Air Force chief of staff said here today."
s556,news:33623,https://www.dvidshub.net/news/33623/iraqi-special-operations-forces-rescue-kidnapped-boy,"Under the cover of night, an element of Iraqi special operations forces recovered a young kidnap victim being held for ransom in the Iraqi capital during an early-morning, Iraqi-led operation yesterday."
s557,news:511060,https://www.dvidshub.net/news/511060/us-afghan-forces-sign-special-operations-agreement,"Marine Corps Gen. John R. Allen, commander of U.S. Forces Afghanistan, and Afghan Defense Minister Abdul Rahim Wardak signed a memorandum of understanding that means Afghan special operations units will take the lead on special operations in the Afghanistan."
s558,news:52959,https://www.dvidshub.net/news/52959/us-special-operations-forces-partner-with-afghan-forces-baghlan-province,U.S. Special Operations Forces are partnering with Afghan Commandos in Baghlan Province to conduct clearing operations to locate improvised explosive devices and enhance security in local villages and towns throughout the region.
s559,news:68098,https://www.dvidshub.net/news/68098/ia-soldiers-complete-gwtc-combat-training-rotation,"Iraqi soldiers assigned to 3rd Battalion, 11th Brigade, 3rd Iraqi Army Division, concluded a month-long training cycle with U.S. Soldiers at Ghuzlani Warrior Training Center culminating in a battalion live fire exercise, March 31."
s560,news:418834,https://www.dvidshub.net/news/418834/402nd-supports-alaskas-inaugural-regional-combat-training-center-rotation,Army Field Support Battalion-Alaska supported the first Large Scale Combat Operation training in Alaska since 1989. The U.S. Army’s first Regional Combat Training Center rotation in Alaska was designed to increase the Arctic proficiency of all units involved and inform U.S. Army requirements needed to implement the Army’s Arctic Strategy.
s561,news:71833,https://www.dvidshub.net/news/71833/iraqi-army-soldiers-successfully-complete-combat-training-rotation-gwtc,"With mortar rounds flying overhead and artillery rounds exploding near the front lines, Iraqi army soldiers maneuvered toward their objective during a battalion-level live fire exercise at Ghuzlani Warrior Training Center, May 26."
s562,news:406935,https://www.dvidshub.net/news/406935/soldiers-overcome-all-hazards-during-combat-rotation-national-training-center,"FORT IRWIN, California – Soldiers from the 2nd Chemical Battalion “Red Dragons” and the “Ready First” 1st Armored Brigade Combat Team, 1st Armored Division, overcame all hazards during a large scale combat operations exercise at the National Training Center, Sept 15 – 28."
s563,news:294712,https://www.dvidshub.net/news/294712/us-armys-8-1-cav-completes-training-rotation-orchard-combat-training-center,"The 8th Squadron, 1st Cavalry Regiment, 2nd Stryker Brigade Combat Team, based at Joint Base Lewis-McChord, Washington, recently completed a 21-day training rotation at the Idaho Army National Guard’s Orchard Combat Training Center, located southeast of Boise."
s564,news:448769,https://www.dvidshub.net/news/448769/1st-armored-brigade-combat-team-summer-rotation-ntc,"FORT IRWIN, California -- 1st Armored Brigade Combat Team “IRONHORSE,” 1st Cavalry Division leaders prepare their tankers, infantrymen, artillerymen, cavalry scouts and other warfighting Troopers for the National Training Center rotation that will certify the brigade for deployments worldwide."
s565,news:143792,https://www.dvidshub.net/news/143792/cbrne-task-force-participates-training-rotation,"Soldiers from the Department of Defense's only command that combats chemical, biological, radiological, nuclear and explosive hazards are training with the U.S. Army's premier forcible entry force at the Joint Readiness Training Center."
s566,news:269297,https://www.dvidshub.net/news/269297/3-61-cav-trains-kosovo-rotation,"CAMP HOHENFELS, Germany — Soldiers with the 3rd Squadron, 61st Cavalry Regiment, partnered with the California National Guard’s 79th Infantry Brigade Combat Team at Camp Hohenfels, Germany, Feb. 25, 2018, to conduct riot training in preparation for their deployment to Kosovo."
s567,news:295667,https://www.dvidshub.net/news/295667/greywolf-validates-readiness-upcoming-training-rotation,"NORTH FORT HOOD, Texas—Nearly 4,000 Soldiers and their associated vehicles and equipment from the 3rd Armored Brigade Combat Team “Greywolf”, 1st Cavalry Division conducted their exercise evaluation, known as Pegasus Forge III, from Sept. 24 to Oct. 4."
s568,news:289821,https://www.dvidshub.net/news/289821/xctc-prepares-soldiers-national-training-center-rotation,"FORT BLISS, TX – Over 3,800 Guardsmen from North Carolina, South Carolina, West Virginia and Minnesota are participating in the 30th Armored Brigade Combat Team’s (ABCT) eXportable Combat Training Capability (XCTC) program in Fort Bliss, Texas from August 6-28, 2018. The XCTC program, coordinated and managed by First Army and The National Guard Bureau, is a combat brigade size field training exercise designed to certify platoon proficiency."
s569,news:176909,https://www.dvidshub.net/news/176909/20th-cbrne-supports-ntc-training-rotation,"Soldiers from 20th CBRNE Command (Chemical, Biological, Radiological, Nuclear, Explosives) gather around an enemy cave they just exploited, within the cave lurked the entire gambit of wicked problems this team was designed to exploit and mitigate. This particular cave was being used to prepare a Radiological Dispersal Device (RDD) against the fictional population of Atropia. CBRNE Soldiers are participating in National Training Center Rotation 15-10 at Fort Irwin, California, with 1st Striker Brigade Combat Team, 4th Infantry Division, from Fort Carson, Colorado."
s570,news:162815,https://www.dvidshub.net/news/162815/arrowhead-brigade-completes-tough-realistic-training-rotation,"Under the cover of darkness, the Soldiers in Stryker combat vehicles advanced. It was a fast pass considering the nighttime conditions. This was the moment they spent months training for. Although it was a notional mission, the intensity they displayed was real as they raced toward their objective."
s571,news:406012,https://www.dvidshub.net/news/406012/3-bct-executes-rotational-training-fort-polk,"Soldiers from 3rd Brigade Combat Team, 101st Airborne Division (Air Assault) at Fort Campbell began a two-week training rotation Sept. 18 at the Joint Readiness Training Center in Fort Polk, Louisiana."
s572,news:134833,https://www.dvidshub.net/news/134833/173rd-airborne-brigade-paratroopers-rotate-training-forces,"Paratroopers from 1st Squadron, 91st Cavalry Regiment jumped into Latvia with their combat equipment June 25 as the 173rd Airborne Brigade rotated units here for training during their unscheduled land forces exercise training alongside NATO allies."
s573,news:206702,https://www.dvidshub.net/news/206702/630th-cssb-rotates-through-national-training-center,"LENOIR, N.C. – The anticipation builds as soldiers assigned to the 630th Combat Sustainment Support Battalion load their gear onto buses en route to the National Training Center at Fort Irwin, California for the NTC rotation 16-07 on June 4, 2016."
s574,news:20543,https://www.dvidshub.net/news/20543/25th-combat-aviation-brigade-completes-pta-rotation-looks-ahead-national-training-center,"The nature of the deployment cycle is that of never-ending preparation, designed to train Soldiers and units, at all echelons, into relevant and capable forces on today's modern, ever-changing battlefield."
s575,news:201992,https://www.dvidshub.net/news/201992/supporting-brigade-training-combat-readiness,"Supporting a Brigade Training for Combat Readiness Capt. Melanie Nelson The 1st Armored Brigade Combat Team, 34th Infantry Division is relying on the 347th Regional Support Group for life support during their rotation at the National Training Center, Fort Irwin, Calif. Comprised of seven companies, this unit brings the mission command, transportation expertise, human resource capabilities, medical support and eager Soldiers needed to provide life support to a small city."
s576,news:371656,https://www.dvidshub.net/news/371656/4th-sfab-builds-combat-power-preparation-rotation-20-08,"FORT POLK, La. — Safety. That word — safety — is always paramount in the minds of Army leaders. Whether it is squad, team, platoon or company training, rotations to the Joint Readiness Training Center, National Training Center, or a deployment down range, safety is of utmost importance. With the current COVID-19 pandemic, safety has become even more prominent in planning for units as they seek to mitigate the effects of the coronavirus, while at the same time conducting realistic training before heading to an overseas deployment. Rotation 20-08 at the JRTC seeks to do just that as the 4th Security Force Assistance Brigade, with elements from the 3rd Battalion, 126th Infantry Regiment, Michigan National Guard, and the Security Force Assistance Command from Fort Bragg, North Carolina, prepare for a deployment to Afghanistan later this summer. The focus on safety began before the Soldiers boarded buses or aircraft for the trip to Alexandria, Louisiana in transit to Fort Polk. Soldiers received a COVID-19 screening at their home station, followed by another screening by a team of JRTC and Fort Polk medical personnel at the Arrival/Departure Airfield Control Group (ADACG) at Alexandria International Airport. Once on Fort Polk, rotational Soldiers were assigned to barracks that normally sleep 40, but to maintain social distancing requirements, will sleep just 12 for this rotation. Sgt. 1st Class Kohlby Hollingsworth, C Company, 2nd Battalion, 4th SFAB, said the limited number of Soldiers in each barracks is a plus. “We actually have more space here so it’s kind of nice,” he said. “It helps alleviate concerns about contracting COVID-19.” Hollingsworth said the precautions 4th SFAB has put in place — social distancing, gloves, masks, and eye protection — should keep Soldiers COVID-19 free during the rotation. “I’m not really worried about it,” he said. “I don’t think anyone is in any serious danger of getting it. When we reach the field, I think as long as we set the practices now, when we get out there we’ll be just fine.” Hollingsworth said he knows Army leaders are watching this rotation with a discerning eye to see if it’s feasible to resume large-scale training. “I think we’re here to help figure out those best practices during this time and that’s one of the ways we can contribute to the force,” he said. “That’s what we’re here to do, and to continue on with our training as well.” Before heading to the JRTC “Box” training area, 4th SFAB Soldiers were issued multiple integrated laser engagement systems — MILES — gear. Maj. Kevin Mott, 2nd Bn, 4th SFAB executive officer, said adjustments were made to the way MILES gear was distributed to Soldiers. “For a typical rotation we would go to a warehouse with a significant number of people to draw our MILES gear at the same time,” he said. “With the COVID-19 mitigation measures, we had cases of individual MILES gear dropped off at each company area so we don’t have people congregating indoors or in one area. Instead we have five or six Soldiers who inventory the MILES, and then we will issue it out to individual Soldiers. It limits the size of crowds; we’re not dropping off a case for a whole platoon — it’s each barracks and there are 12 Soldiers per barracks.” Maj. Chad Campbell, C Co, 2nd Bn, 4th SFAB company commander, said in addition to the MILES issue adjustments, other areas were looked at to mitigate possible COVID-19 exposure, including using a solution of 95% water and 5% bleach to sanitize equipment and work spaces. “We’re looking at continuing the bleach/water solution even after things return to normal,” he said. “It’s said cleanliness is next to Godliness; I think it gives everyone a heads up and says let’s re-look how we’re doing business, and not just because of COVID-19, but because we want to maintain a healthy workplace.” As the 4th SFAB’s vehicles began arriving via 18-wheeler, safety measures — both to prevent injury and COVID-19 — were followed. Maj. Jonathan Cach, B Troop, 3rd Squadron, 4th SFAB troop commander, said any time vehicles are moved, Soldiers have to use proper ground guide procedures. “You must ensure Soldiers are aware of all the moving pieces around them,” he said. “Anytime we’re in the yard, all of our personal protective equipment is on — helmet, gloves and eye protection.” As for COVID-19 mitigation, Cach said he limits the number of Soldiers in the yard and makes sure they maintain social distancing. “We use the fence (chain link fence around the motor yard) as our guidepost,” he said. “If you think one Soldier per section of fence, then that keeps them 6 feet apart, and allows them to sit down and take their masks off when it’s hot.” Cach said that while masks are an important tool in COVID-19 mitigation, it’s also important to protect against heat casualties. He added having a good water source on hand is important, and medics are on standby in the event something should happen. “With our rank structure, its actually made things easier,” he said. “We are 100% NCO with myself and one other officer here. It’s been very smooth. The NCOs understand ground guide procedures and hand and arm signals.” Cach said Fort Polk safety office representatives have been a big help. “They’ve been awesome,” he said. “They’re not here troubleshooting or yelling at us; they’re here helping us, and it’s been really great. It’s been really smooth.” Capt. Adam Graetz, 4th SFAB safety officer, said there were a few minor issues unloading the unit’s vehicles. “We’ve had a few things that were loaded a little differently than what we expected, but the team handled it with no problem and worked through it,” he said. Another area that Graetz identified as needing work was heat mitigation. “We’re a new unit and don’t have a lot of tents to set up and get our Soldiers out of the heat,” he said. “The heat down here is no joke, especially coming from Fort Carson, so we’re figuring out things. Our command sergeant major was able to get ice from the dining facility, and we borrowed some tents from the post safety office. Between heat and live fire, I think those will be our two biggest safety issues.” Graetz said it will be a challenge to maintain COVID-19 mitigation efforts once the 4th SFAB moves to the Box. “But this is a unit of senior leaders, so they’ve all been hand selected,” he said. “That means they’re in the top percent of Army leaders. It might be uncomfortable, but they’ll be OK. It’s an all-volunteer unit so they all want to be here. This is the first time our unit has come to a CTC. It’s a little different with the COVID-19 restrictions, but it’s still going to be great training.”"
s577,news:309438,https://www.dvidshub.net/news/309438/greywolf-completes-ntc-rotation,"FORT IRWIN, Ca.&mdash;The more than 4,000 Soldiers of 3rd Armored Brigade Combat Team &ldquo;Greywolf,&rdquo; 1st Cavalry Division completed their rotation to the National Training Center here recently.</p>"
s578,news:423153,https://www.dvidshub.net/news/423153/189th-oc-ts-train-standard-during-xctc-rotation,"Throughout the month of June, Observer, Coach, Trainers (OC/Ts) of the 189th Infantry Brigade (CATB) performed training oversight during Western Strike 22-06 as part of the the eXportable Combat Training Capability (xCTC) at the Orchard Combat Training Center at Boise, Idaho for the 65th Field Artillery Brigade of the Utah National Guard."
s579,news:168254,https://www.dvidshub.net/news/168254/ncng-supports-new-kfor-rotation,"Members from across the North Carolina National Guard were hand picked to participate at the Joint Multi-national Readiness Center (JMRC) here, to support the 30th Armored Brigade Combat Team (ABCT) pre-deployment training in June 2015. The NCNG composite staff of approximately 30 Soldiers assumed the role of the Kosovo Force (KFOR) headquarters, providing planning, coordination and command of the 30th ABCT while they trained and prepared for a deployment to Kosovo later in the summer. JMRC is a combat training center that provides dynamic and adaptive training to Brigade Combat Teams, ensuring that deploying units are ready to operate as NATO members with multi-national partners."
s580,news:336714,https://www.dvidshub.net/news/336714/116th-ibct-more-combat-ready-after-xctc-rotation-fort-pickett,"Virginia and Kentucky National Guard Soldiers assigned to the 116th Infantry Brigade Combat Team and enabler units from Guard units in Alabama, Arkansas, Illinois, Indiana, Louisiana and New York honed their combat skills during the eXportable Combat Training Capability Rotation 19-4 July 13 through August 2, 2019, at Fort Pickett, Virginia."
s581,news:109853,https://www.dvidshub.net/news/109853/spartan-brigade-completes-rotation-joint-readiness-training-center,"FORT POLK, La. – The smiles on the faces of the soldiers as they stepped off the last plane to arrive back at Fort Drum June 22 were readily apparent as the 3rd Brigade Combat Team’s successful completion of their rotation at the Joint Readiness Training Center came to a close."
s582,news:210411,https://www.dvidshub.net/news/210411/6-8-cav-completes-training-rotation-with-battalion-stx,"YAVORIV, Ukraine -­ The Soldiers of 6th Squadron, 8th Cavalry Regiment, 2nd Infantry Brigade Combat Team, 3rd Infantry Division conducted a battalion fire support coordination exercise, which marked the completion of their first training rotation with the Ukrainian land forces here, September 21."
s583,news:193776,https://www.dvidshub.net/news/193776/high-intensity-tactical-training-hitt-prepares-marines-combat-fit-and-combat-ready,"Charles Yackle, High Intensity Tactical Training (HITT) Coordinator for Marine Corps Community Services Quantico, said that many Marines who attend his classes have limited flexibility. “All Marines should be able to squat, bend over, rotate their arms in a full range of motion,” he said. “These guys can’t do it.”"
s584,news:261858,https://www.dvidshub.net/news/261858/raider-brigade-completes-successful-rotation-national-training-center,"“We want you to have your worst day here.” Those were the words welcoming Soldiers from the 1st Armored Brigade Combat Team, 3rd Infantry Division “Raider Brigade” and enabler units as they arrived at Fort Irwin, CA, for National Training Center (NTC) Decisive Action Rotation 18-01."
s585,news:180044,https://www.dvidshub.net/news/180044/strike-brigade-completes-rotation-jrtc,"The smiles on the faces of the Soldiers as they heard the word “index” were readily apparent as 2nd Brigade Combat Team, 101st Airborne Division, successfully completed their rotation at Joint Readiness Training Center."
s586,news:444858,https://www.dvidshub.net/news/444858/us-and-colombian-armies-strengthen-partnership-during-training-rotation,"The United States and Colombian armies are continually looking for ways to further strengthen the already rich partnership they share. The latest example of this comes as an infantry company from the Colombian Army was embedded with the 3rd Brigade Combat Team, 82nd Airborne Division, alongside U.S. Soldiers from the 1st Security Force Assistance Brigade, during a recent Joint Readiness Training Center rotation at Fort Polk, Louisiana."
s587,news:209510,https://www.dvidshub.net/news/209510/developing-personnel-combat-training-center-ukraine,"Note: This is part three in a three-part series about the Joint Multinational Training Group-Ukraine and its efforts to build an enduring and sustainable combat training center in Western Ukraine. JMTG-U is comprised of members of the California National Guard along with multinational partners from Lithuania, Poland, Canada and the U.K. Its near-term focus is on direct training, with the support of a rotational battalion from 3rd Infantry Division, by building capacity quickly through the consolidation and resourcing of dedicated training cadre."
s588,news:100853,https://www.dvidshub.net/news/100853/attack-departs-joint-ntc-rotation,"Soldiers from the 1st Attack Reconnaissance Battalion, 227th Aviation Regiment, 1st ACB, 1st Cavalry Division, deployed to the National Training Center at Fort Irwin, Calif., Jan. 7 to 15 as part of a joint mission with 3rd Brigade Combat Team, 1st Cav. Div."
s589,news:426756,https://www.dvidshub.net/news/426756/independence-brigade-completes-ntc-rotation,"BIDDLE AIR NATIONAL GUARD BASE, Horsham, Pa. – Over 4500 service members with the 56 Stryker Brigade Combat Team, 28 Infantry Division, Pennsylvania Army National Guard recently completed their month long National Training Center rotation at Ft Irwin, Calif., June 16 to July 15. The Independence Brigade spent the last 13 months preparing for NTC, which is significantly fewer training days than a typical rotation preparation."
s590,news:441383,https://www.dvidshub.net/news/441383/division-sustainment-support-soldiers-participate-national-training-center-rotation,"Soldiers of the 87th Division Sustainment Support Battalion have returned to Fort Stewart, following a National Training Center rotation at Fort Irwin, California. There, elements from across the battalion provided logistical support to the 3rd Infantry Division’s 2nd Armored Brigade Combat Team; the 1st Attack Reconnaissance Battalion, 10th Aviation Regiment from Fort Drum, New York; and other enabling units participating in the large-scale combat operations-focused training cycle 23-05. This combat training center rotation was the first for the U.S. Army’s most modernized armored brigade that had completed fielding and training of the latest generation of combat vehicles, weapons and equipment in September last year. This effort, as part of the Army’s Regionally Aligned Readiness and Modernization Model, or ReARMM, has been facilitated by the 3rd Infantry Division’s Sustainment Brigade, including the DSSB, in the lead up to the ABCT culminating training event. The training event ran from Feb. 24 to March 10, 2023. According to the U.S. Army Forces Command, which oversees the two CTCs in the U.S., the training rotations build readiness by providing a crucible experience for units and leaders in a complex and highly realistic decisive action training environment under the most adverse conditions possible. The experience replicates the complexity of the battlefield and promotes increased proficiency with combined arms maneuver, including situations such as: communications challenges, simulated chemical and biological threats, cyber operations, and integration of Special Operations Forces and allied militaries."
s591,news:109894,https://www.dvidshub.net/news/109894/spartan-brigade-completes-successfull-rotation-joint-readiness-training-center,The smiles on the faces of the soldiers as they stepped off the last plane to arrive back at Fort Drum June 22 were readily apparent as the 3rd Brigade Combat Team’s successful completion of their rotation at the Joint Readiness Training Center came to a close.
s592,news:389736,https://www.dvidshub.net/news/389736/panther-brigade-wraps-up-rotation-joint-readiness-training-center,"The 3rd Brigade Combat Team, 82nd Airborne Division recently traveled to Fort Polk, La., for Joint Readiness Training Center rotation 21-04. Follow along as Staff Sgt. Jeremy Bennett walks through what the training looked like for the Panther Brigade."
s593,news:490648,https://www.dvidshub.net/news/490648/ntc-conducts-division-level-rotation,"For nearly 44 years the National Training Center (NTC) has challenged Brigade Combat Teams (BCT) across all Warfighting Functions in the harsh terrain of the Mojave Desert. NTC Rotation 25-03 continued a recent chapter to the NTC legacy as the focus of this rotation is on the Division Headquarters, namely, the First Infantry Division (1ID) from Ft. Riley Kansas."
s594,news:319738,https://www.dvidshub.net/news/319738/readiness-key-greywolfs-upcoming-korea-rotation,"FORT HOOD, Texas -- The Soldiers of the Greywolf Brigade, 3rd Armored Brigade Combat Team, 1st Cavalry Division, returned from the National Training Center in early February and went straight to work getting their combat platforms and vehicles reset and their Soldiers ready for their next mission—a rotation to Korea in support of the 2nd Infantry Division."
s595,news:95909,https://www.dvidshub.net/news/95909/joint-readiness-training-center-hosts-first-decisive-action-rotation,"More than 4,800 soldiers from the 2nd Brigade Combat Team, 82nd Airborne Division, the XVIII Airborne Corps, U.S. Army Special Operations Command's 3rd Battalion, 7th Special Forces Group, other key Army units, and the U.S. Air Force, will participate in a major Decisive Action rotation through Oct. 18 at the Joint Readiness Training Center and Fort Polk."
s596,news:407426,https://www.dvidshub.net/news/407426/historic-first-robot-joins-jrtc-rotation,"In an historic first, U.S. Army Soldiers integrated a Robotic Combat Vehicle (RCV) surrogate into the opposing force during a recent rotation at the Joint Readiness Training Center at Fort Polk, Louisiana, in September. This event enabled the Army to gain valuable insight in how best to utilize robotic vehicles in combat and furthered its ongoing Campaign of Learning around RCV development."
s597,news:475385,https://www.dvidshub.net/news/475385/369th-sustainment-brigade-completes-rotation,"FORT JOHNSON, La. — The Joint Readiness Training Center and Fort Johnson is the premier crucible training experience that prepares units to fight and win in complex environments. It’s where units like the 133rd Composite Supply Company, 369th Sustainment Brigade (Harlem Hellfighters) — who recently (June) conducted a rotation at Fort Johnson — come to learn, under extreme and intense conditions, the skills needed to successfully accomplish their mission. Command Sgt. Maj. Leylan Jones, brigade sergeant major, New York Army National Guard, 369th Sustainment Brigade, said while training during their rotation, the 133rd have been able to perform their warfighting functions in a simulated combat environment. “This has enabled their leaders to assess their readiness for real-world situations and enhance their overall combat effectiveness. The 222nd will arrive at JRTC later this summer. We hope, like the 133rd, they are able to perform their METL (mission essential task list) duties and enhance their readiness for future deployments,” Jones said. It’s been a year since JRTC and Fort Johnson was renamed for Sgt. Henry Johnson, also a member of the New York National Guard 369th Infantry Regiment Harlem Hellfighters. However, that historic connection between Fort Johnson’s present and the 369th’s past is connected by more than a name. In fact, that link will continue to be forged and strengthened every time a unit from their brigade comes to Fort Johnson to train in “the box” — Fort Johnson’s training area. “The connection between Sgt. Johnson’s home unit and Fort Johnson displays the significance of the history of the 369th Regiment. The unit was not only recognized locally for their accomplishments, but also nationally and internationally. The renaming of Fort Johnson after a New York National Guard Soldier should instill pride in every Soldier wearing the 369th patch,” Jones said. JRTC and Fort Johnson is where today’s Soldiers, including the 133rd and many other units from across the nation and the world, can learn to have the same fighting spirit as Johnson did as he fought unimaginable odds against German soldiers in World War I, which seems appropriate from an installation who’s motto is “Forging the Warrior Spirit.” “The current 369th Sustainment Brigade is extremely proud that the Joint Readiness Training Center chose the name of one of our local heroes. Sgt. Henry Johnson is displayed in murals in our armory and training centers. He has a street named after him in our state’s capital. His story is well-known by most of our Soldiers. It is an honor to have an Army installation whose motto is “Forging the Warrior Spirit” named after one of our own local heroes whose warrior spirit is so well documented,” Jones said. The Soldiers of the 133rd CSC who were on rotation at Fort Johnson not only understood and seemed to appreciate the difficult training, but also relished the connection between their home unit and Fort Johnson. 1st. Lt. Saul Rodriguez, 133rd CSC, company commander, said JRTC and Fort Johnson is a great environment to train in. “It challenges the soldiers it stresses us out, it also forces an opportunity to do actual military occupational specialty training in a field environment that’s pretty realistic. It gives us an opportunity to challenge young Soldiers to take on leadership roles and really pull out the potential that they have,” Rodriguez said. He said the history found in the 369th Sustainment Brigade, especially the part about Henry Johnson, is incredible. “To come to an installation named after him and train is unreal and pretty awesome. Sgt. Pamela Renderos, 133rd CSC, said training like this is a good experience for the soldiers to understand what could happen in a real-world mission. “We’ve had random chemical, biological, radiological and nuclear training attacks and random attacks between here and the fueling point. They have been gaining that experience so they can understand what it is like if we were to go into combat and how to react.” Pfc. Fred Castor, 133rd CSC, said the training was a new experience for him. “I need the training, especially getting a taste of what a combat deployment might look like, if I want to be a future leader.” Pfc. Oniel Gillespie, 133rd CSC, said the training was stressful at first because he wasn’t used to this environment. “As I acclimated to it, I saw what we were doing was a simulation of what we would do on an actual deployment. I have learned a lot since being here.” Pfc. Marc Ward, 133rd CSC, said training at Fort Johnson was uncomfortable, but it was the kind of discomfort that all soldiers should get used to. “No matter what their MOS is, whether they are support or combat arms, the discomfort is just part of doing our jobs,” Ward said. Even though the 369th is no longer an infantry unit, Ward said it’s great being part of the brigade’s living history through Johnson. “It instills pride in us and gives us a sense of duty that we’re carrying on a legacy that I am proud to be part of,” Ward said. Editor’s note — While on rotation, the Harlem Helfighters also stopped by the JRTC and Fort Johnson Public Affairs Office to take part in a podcast focusing on their history, the Sgt. Johnson connection and their experience training in a rotation. Find it at Youtube.com/@JRTCandFortJohnson."
s598,news:509989,https://www.dvidshub.net/news/509989/kosovo-force-rotation-prepares-peacekeeping-mission,"As the next rotation to serve in the NATO Kosovo Force completes its final training, its members are looking beyond the warfighter skills they’ve refined during combat deployments to focus on the distinctly different challenges of peacekeeping."
s599,news:95845,https://www.dvidshub.net/news/95845/ntc-rotation-brings-change-2-14,"The National Training Center in Fort Irwin, Calif., has become a proving ground for 2nd Brigade Combat Team’s ability to transition form a traditional brigade with several battalions to a Security Forces Assistance Brigade with Battle Space Integrators and Cross Functional Teams."
s600,news:566993,https://www.dvidshub.net/news/566993/116th-mbct-arrives-louisiana-begins-jrtc-rotation,"The Virginia National Guard’s Staunton-based 116th Mobile Brigade Combat Team are testing their combat readiness during a Joint Readiness Training Center rotation May 31 - July 1, 2026, at Fort Polk, Louisiana."
